Sample name	Type	Letter	Number	CrossType	Tank	library number	i5 primer Name	i5 primer Sequence (8bp barcode)	i5	i7 primer name	i7 Full primer sequence (6 bp barcode)	i7	i7RevCom	i5RevCom	Barcode	Coverage	SeqFile	DI	String	Individual
hdi_c_1	hdi	c	1	HDI	C	SOMM515	Black01_A01_i5F	AATGATACGGCGACCACCGAGATCTACACACTGCGAAACACTCTTTCCCTACACGACGCTCTTCCGATC*T	ACTGCGAA	Sacks_A01	CAAGCAGAAGACGGCATACGAGATAAACGGGTGACTGGAGTTCAGACGTGTGCTCTTCCGATC*T	AAACGG	CCGTTT	TTCGCAGT	CCGTTT-TTCGCAGT	16.0717	hdi_c_1_R1.sort.flt.bam	HighDI	/home/maccamp/dsm-omics/data/SOMM515/hdi_c_1_R1.sort.flt.bam	1
hdi_c_12	hdi	c	12	HDI	C	SOMM515	Black09_A02_i5F	AATGATACGGCGACCACCGAGATCTACACTAGTCTCGACACTCTTTCCCTACACGACGCTCTTCCGATC*T	TAGTCTCG	Sacks_A02	CAAGCAGAAGACGGCATACGAGATAACGTTGTGACTGGAGTTCAGACGTGTGCTCTTCCGATC*T	AACGTT	AACGTT	CGAGACTA	AACGTT-CGAGACTA	12.771	hdi_c_12_R1.sort.flt.bam	HighDI	/home/maccamp/dsm-omics/data/SOMM515/hdi_c_12_R1.sort.flt.bam	2
hdi_A_18	hdi	A	18	HDI	A	SOMM515	Black33_A05_i5F	AATGATACGGCGACCACCGAGATCTACACTGGTGAAGACACTCTTTCCCTACACGACGCTCTTCCGATC*T	TGGTGAAG	Sacks_A05	CAAGCAGAAGACGGCATACGAGATAAGCTAGTGACTGGAGTTCAGACGTGTGCTCTTCCGATC*T	AAGCTA	TAGCTT	CTTCACCA	TAGCTT-CTTCACCA	19.1791	hdi_A_18_R1.sort.flt.bam	HighDI	/home/maccamp/dsm-omics/data/SOMM515/hdi_A_18_R1.sort.flt.bam	3
hdi_B_6	hdi	B	6	HDI	B	SOMM515	Black49_A07_i5F	AATGATACGGCGACCACCGAGATCTACACACTCCTACACACTCTTTCCCTACACGACGCTCTTCCGATC*T	ACTCCTAC	Sacks_A07	CAAGCAGAAGACGGCATACGAGATAATGAGGTGACTGGAGTTCAGACGTGTGCTCTTCCGATC*T	AATGAG	CTCATT	GTAGGAGT	CTCATT-GTAGGAGT	10.9526	hdi_B_6_R1.sort.flt.bam	HighDI	/home/maccamp/dsm-omics/data/SOMM515/hdi_B_6_R1.sort.flt.bam	5
Ldi_A_6	Ldi	A	6	LDI	A	SOMM515	Black65_A09_i5F	AATGATACGGCGACCACCGAGATCTACACTCACCTAGACACTCTTTCCCTACACGACGCTCTTCCGATC*T	TCACCTAG	Sacks_A09	CAAGCAGAAGACGGCATACGAGATACAGCGGTGACTGGAGTTCAGACGTGTGCTCTTCCGATC*T	ACAGCG	CGCTGT	CTAGGTGA	CGCTGT-CTAGGTGA	16.4965	Ldi_A_6_R1.sort.flt.bam	LowDI	/home/maccamp/dsm-omics/data/SOMM515/Ldi_A_6_R1.sort.flt.bam	7
ldi_B_12	ldi	B	12	LDI	B	SOMM515	Black73_A10_i5F	AATGATACGGCGACCACCGAGATCTACACGATCTTGCACACTCTTTCCCTACACGACGCTCTTCCGATC*T	GATCTTGC	Sacks_A10	CAAGCAGAAGACGGCATACGAGATACATACGTGACTGGAGTTCAGACGTGTGCTCTTCCGATC*T	ACATAC	GTATGT	GCAAGATC	GTATGT-GCAAGATC	14.5593	ldi_B_12_R1.sort.flt.bam	LowDI	/home/maccamp/dsm-omics/data/SOMM515/ldi_B_12_R1.sort.flt.bam	8
hdi_c_9	hdi	c	9	HDI	C	SOMM515	Black02_B01_i5F	AATGATACGGCGACCACCGAGATCTACACCGACACTTACACTCTTTCCCTACACGACGCTCTTCCGATC*T	CGACACTT	Sacks_B01	CAAGCAGAAGACGGCATACGAGATACTCTTGTGACTGGAGTTCAGACGTGTGCTCTTCCGATC*T	ACTCTT	AAGAGT	AAGTGTCG	AAGAGT-AAGTGTCG	23.3167	hdi_c_9_R1.sort.flt.bam	HighDI	/home/maccamp/dsm-omics/data/SOMM515/hdi_c_9_R1.sort.flt.bam	9
hdi_c_15	hdi	c	15	HDI	C	SOMM515	Black10_B02_i5F	AATGATACGGCGACCACCGAGATCTACACCTCACCAAACACTCTTTCCCTACACGACGCTCTTCCGATC*T	CTCACCAA	Sacks_B02	CAAGCAGAAGACGGCATACGAGATACTGGCGTGACTGGAGTTCAGACGTGTGCTCTTCCGATC*T	ACTGGC	GCCAGT	TTGGTGAG	GCCAGT-TTGGTGAG	14.1293	hdi_c_15_R1.sort.flt.bam	HighDI	/home/maccamp/dsm-omics/data/SOMM515/hdi_c_15_R1.sort.flt.bam	10
hdi_c_3	hdi	c	3	HDI	C	SOMM515	Black18_B03_i5F	AATGATACGGCGACCACCGAGATCTACACAACCAGAGACACTCTTTCCCTACACGACGCTCTTCCGATC*T	AACCAGAG	Sacks_B03	CAAGCAGAAGACGGCATACGAGATAGCCATGTGACTGGAGTTCAGACGTGTGCTCTTCCGATC*T	AGCCAT	ATGGCT	CTCTGGTT	ATGGCT-CTCTGGTT	11.9314	hdi_c_3_R1.sort.flt.bam	HighDI	/home/maccamp/dsm-omics/data/SOMM515/hdi_c_3_R1.sort.flt.bam	11
hdi_B_7	hdi	B	7	HDI	B	SOMM515	Black50_B07_i5F	AATGATACGGCGACCACCGAGATCTACACGTATTCCGACACTCTTTCCCTACACGACGCTCTTCCGATC*T	GTATTCCG	Sacks_B07	CAAGCAGAAGACGGCATACGAGATAGTAGGGTGACTGGAGTTCAGACGTGTGCTCTTCCGATC*T	AGTAGG	CCTACT	CGGAATAC	CCTACT-CGGAATAC	12.0851	hdi_B_7_R1.sort.flt.bam	HighDI	/home/maccamp/dsm-omics/data/SOMM515/hdi_B_7_R1.sort.flt.bam	12
Ldi_A_3	Ldi	A	3	LDI	A	SOMM515	Black66_B09_i5F	AATGATACGGCGACCACCGAGATCTACACACGAGAACACACTCTTTCCCTACACGACGCTCTTCCGATC*T	ACGAGAAC	Sacks_B09	CAAGCAGAAGACGGCATACGAGATATAGTAGTGACTGGAGTTCAGACGTGTGCTCTTCCGATC*T	ATAGTA	TACTAT	GTTCTCGT	TACTAT-GTTCTCGT	14.49	Ldi_A_3_R1.sort.flt.bam	LowDI	/home/maccamp/dsm-omics/data/SOMM515/Ldi_A_3_R1.sort.flt.bam	13
ldi_B_9	ldi	B	9	LDI	B	SOMM515	Black74_B10_i5F	AATGATACGGCGACCACCGAGATCTACACTGACAACCACACTCTTTCCCTACACGACGCTCTTCCGATC*T	TGACAACC	Sacks_B10	CAAGCAGAAGACGGCATACGAGATATCAAAGTGACTGGAGTTCAGACGTGTGCTCTTCCGATC*T	ATCAAA	TTTGAT	GGTTGTCA	TTTGAT-GGTTGTCA	16.9082	ldi_B_9_R1.sort.flt.bam	LowDI	/home/maccamp/dsm-omics/data/SOMM515/ldi_B_9_R1.sort.flt.bam	14
hdi_c_19	hdi	c	19	HDI	C	SOMM515	Black03_C01_i5F	AATGATACGGCGACCACCGAGATCTACACTACAGAGCACACTCTTTCCCTACACGACGCTCTTCCGATC*T	TACAGAGC	Sacks_C01	CAAGCAGAAGACGGCATACGAGATATTCCGGTGACTGGAGTTCAGACGTGTGCTCTTCCGATC*T	ATTCCG	CGGAAT	GCTCTGTA	CGGAAT-GCTCTGTA	18.092	hdi_c_19_R1.sort.flt.bam	HighDI	/home/maccamp/dsm-omics/data/SOMM515/hdi_c_19_R1.sort.flt.bam	15
hdi_c_10	hdi	c	10	HDI	C	SOMM515	Black11_C02_i5F	AATGATACGGCGACCACCGAGATCTACACAAGCGTTCACACTCTTTCCCTACACGACGCTCTTCCGATC*T	AAGCGTTC	Sacks_C02	CAAGCAGAAGACGGCATACGAGATCAAAAAGTGACTGGAGTTCAGACGTGTGCTCTTCCGATC*T	CAAAAA	TTTTTG	GAACGCTT	TTTTTG-GAACGCTT	12.8202	hdi_c_10_R1.sort.flt.bam	HighDI	/home/maccamp/dsm-omics/data/SOMM515/hdi_c_10_R1.sort.flt.bam	16
hdi_c_11	hdi	c	11	HDI	C	SOMM515	Black19_C03_i5F	AATGATACGGCGACCACCGAGATCTACACAGTGACCTACACTCTTTCCCTACACGACGCTCTTCCGATC*T	AGTGACCT	Sacks_C03	CAAGCAGAAGACGGCATACGAGATCAATCGGTGACTGGAGTTCAGACGTGTGCTCTTCCGATC*T	CAATCG	CGATTG	AGGTCACT	CGATTG-AGGTCACT	19.3189	hdi_c_11_R1.sort.flt.bam	HighDI	/home/maccamp/dsm-omics/data/SOMM515/hdi_c_11_R1.sort.flt.bam	17
hdi_A_12	hdi	A	12	HDI	A	SOMM515	Black27_C04_i5F	AATGATACGGCGACCACCGAGATCTACACACCATAGGACACTCTTTCCCTACACGACGCTCTTCCGATC*T	ACCATAGG	Sacks_C04	CAAGCAGAAGACGGCATACGAGATCACCTCGTGACTGGAGTTCAGACGTGTGCTCTTCCGATC*T	CACCTC	GAGGTG	CCTATGGT	GAGGTG-CCTATGGT	13.9539	hdi_A_12_R1.sort.flt.bam	HighDI	/home/maccamp/dsm-omics/data/SOMM515/hdi_A_12_R1.sort.flt.bam	18
hdi_A_20	hdi	A	20	HDI	A	SOMM515	Black35_C05_i5F	AATGATACGGCGACCACCGAGATCTACACCTCGAACAACACTCTTTCCCTACACGACGCTCTTCCGATC*T	CTCGAACA	Sacks_C05	CAAGCAGAAGACGGCATACGAGATCAGGCAGTGACTGGAGTTCAGACGTGTGCTCTTCCGATC*T	CAGGCA	TGCCTG	TGTTCGAG	TGCCTG-TGTTCGAG	22.9119	hdi_A_20_R1.sort.flt.bam	HighDI	/home/maccamp/dsm-omics/data/SOMM515/hdi_A_20_R1.sort.flt.bam	19
hdi_B_1	hdi	B	1	HDI	B	SOMM515	Black43_C06_i5F	AATGATACGGCGACCACCGAGATCTACACTGCGTAACACACTCTTTCCCTACACGACGCTCTTCCGATC*T	TGCGTAAC	Sacks_C06	CAAGCAGAAGACGGCATACGAGATCATACTGTGACTGGAGTTCAGACGTGTGCTCTTCCGATC*T	CATACT	AGTATG	GTTACGCA	AGTATG-GTTACGCA	15.7353	hdi_B_1_R1.sort.flt.bam	HighDI	/home/maccamp/dsm-omics/data/SOMM515/hdi_B_1_R1.sort.flt.bam	20
hdi_B_14	hdi	B	14	HDI	B	SOMM515	Black51_C07_i5F	AATGATACGGCGACCACCGAGATCTACACAACAGTCCACACTCTTTCCCTACACGACGCTCTTCCGATC*T	AACAGTCC	Sacks_C07	CAAGCAGAAGACGGCATACGAGATCCATTTGTGACTGGAGTTCAGACGTGTGCTCTTCCGATC*T	CCATTT	AAATGG	GGACTGTT	AAATGG-GGACTGTT	21.0353	hdi_B_14_R1.sort.flt.bam	HighDI	/home/maccamp/dsm-omics/data/SOMM515/hdi_B_14_R1.sort.flt.bam	21
hdi_B_12	hdi	B	12	HDI	B	SOMM515	Black59_C08_i5F	AATGATACGGCGACCACCGAGATCTACACCTAAGACCACACTCTTTCCCTACACGACGCTCTTCCGATC*T	CTAAGACC	Sacks_C08	CAAGCAGAAGACGGCATACGAGATCCCGGTGTGACTGGAGTTCAGACGTGTGCTCTTCCGATC*T	CCCGGT	ACCGGG	GGTCTTAG	ACCGGG-GGTCTTAG	17.9476	hdi_B_12_R1.sort.flt.bam	HighDI	/home/maccamp/dsm-omics/data/SOMM515/hdi_B_12_R1.sort.flt.bam	22
Ldi_A_1	Ldi	A	1	LDI	A	SOMM515	Black67_C09_i5F	AATGATACGGCGACCACCGAGATCTACACCATCTGCTACACTCTTTCCCTACACGACGCTCTTCCGATC*T	CATCTGCT	Sacks_C09	CAAGCAGAAGACGGCATACGAGATCCCTAAGTGACTGGAGTTCAGACGTGTGCTCTTCCGATC*T	CCCTAA	TTAGGG	AGCAGATG	TTAGGG-AGCAGATG	15.5342	Ldi_A_1_R1.sort.flt.bam	LowDI	/home/maccamp/dsm-omics/data/SOMM515/Ldi_A_1_R1.sort.flt.bam	23
hdi_c_7	hdi	c	7	HDI	C	SOMM515	Black04_D01_i5F	AATGATACGGCGACCACCGAGATCTACACGTACCACAACACTCTTTCCCTACACGACGCTCTTCCGATC*T	GTACCACA	Sacks_D01	CAAGCAGAAGACGGCATACGAGATCGAGGCGTGACTGGAGTTCAGACGTGTGCTCTTCCGATC*T	CGAGGC	GCCTCG	TGTGGTAC	GCCTCG-TGTGGTAC	12.26	hdi_c_7_R1.sort.flt.bam	HighDI	/home/maccamp/dsm-omics/data/SOMM515/hdi_c_7_R1.sort.flt.bam	24
hdi_c_17	hdi	c	17	HDI	C	SOMM515	Black12_D02_i5F	AATGATACGGCGACCACCGAGATCTACACGCATTGGTACACTCTTTCCCTACACGACGCTCTTCCGATC*T	GCATTGGT	Sacks_D02	CAAGCAGAAGACGGCATACGAGATCGCAGAGTGACTGGAGTTCAGACGTGTGCTCTTCCGATC*T	CGCAGA	TCTGCG	ACCAATGC	TCTGCG-ACCAATGC	10.9707	hdi_c_17_R1.sort.flt.bam	HighDI	/home/maccamp/dsm-omics/data/SOMM515/hdi_c_17_R1.sort.flt.bam	25
hdi_c_8	hdi	c	8	HDI	C	SOMM515	Black20_D03_i5F	AATGATACGGCGACCACCGAGATCTACACCTGTGGTAACACTCTTTCCCTACACGACGCTCTTCCGATC*T	CTGTGGTA	Sacks_D03	CAAGCAGAAGACGGCATACGAGATCGCGTGGTGACTGGAGTTCAGACGTGTGCTCTTCCGATC*T	CGCGTG	CACGCG	TACCACAG	CACGCG-TACCACAG	11.0096	hdi_c_8_R1.sort.flt.bam	HighDI	/home/maccamp/dsm-omics/data/SOMM515/hdi_c_8_R1.sort.flt.bam	26
hdi_B_4	hdi	B	4	HDI	B	SOMM515	Black44_D06_i5F	AATGATACGGCGACCACCGAGATCTACACACAACGTGACACTCTTTCCCTACACGACGCTCTTCCGATC*T	ACAACGTG	Sacks_D06	CAAGCAGAAGACGGCATACGAGATCGTGATGTGACTGGAGTTCAGACGTGTGCTCTTCCGATC*T	CGTGAT	ATCACG	CACGTTGT	ATCACG-CACGTTGT	20.6902	hdi_B_4_R1.sort.flt.bam	HighDI	/home/maccamp/dsm-omics/data/SOMM515/hdi_B_4_R1.sort.flt.bam	27
hdi_B_18	hdi	B	18	HDI	B	SOMM515	Black60_D08_i5F	AATGATACGGCGACCACCGAGATCTACACTTAGGCGTACACTCTTTCCCTACACGACGCTCTTCCGATC*T	TTAGGCGT	Sacks_D08	CAAGCAGAAGACGGCATACGAGATCTCGCCGTGACTGGAGTTCAGACGTGTGCTCTTCCGATC*T	CTCGCC	GGCGAG	ACGCCTAA	GGCGAG-ACGCCTAA	13.6671	hdi_B_18_R1.sort.flt.bam	HighDI	/home/maccamp/dsm-omics/data/SOMM515/hdi_B_18_R1.sort.flt.bam	28
ldi_B_10	ldi	B	10	LDI	B	SOMM515	Black76_D10_i5F	AATGATACGGCGACCACCGAGATCTACACGACACAGTACACTCTTTCCCTACACGACGCTCTTCCGATC*T	GACACAGT	Sacks_D10	CAAGCAGAAGACGGCATACGAGATCTGGTTGTGACTGGAGTTCAGACGTGTGCTCTTCCGATC*T	CTGGTT	AACCAG	ACTGTGTC	AACCAG-ACTGTGTC	18.1407	ldi_B_10_R1.sort.flt.bam	LowDI	/home/maccamp/dsm-omics/data/SOMM515/ldi_B_10_R1.sort.flt.bam	29
hdi_c_18	hdi	c	18	HDI	C	SOMM515	Black05_E01_i5F	AATGATACGGCGACCACCGAGATCTACACAGGAACACACACTCTTTCCCTACACGACGCTCTTCCGATC*T	AGGAACAC	Sacks_E01	CAAGCAGAAGACGGCATACGAGATGAAATGGTGACTGGAGTTCAGACGTGTGCTCTTCCGATC*T	GAAATG	CATTTC	GTGTTCCT	CATTTC-GTGTTCCT	19.1774	hdi_c_18_R1.sort.flt.bam	HighDI	/home/maccamp/dsm-omics/data/SOMM515/hdi_c_18_R1.sort.flt.bam	30
hdi_c_14	hdi	c	14	HDI	C	SOMM515	Black13_E02_i5F	AATGATACGGCGACCACCGAGATCTACACTGGAAGCAACACTCTTTCCCTACACGACGCTCTTCCGATC*T	TGGAAGCA	Sacks_E02	CAAGCAGAAGACGGCATACGAGATGAACCAGTGACTGGAGTTCAGACGTGTGCTCTTCCGATC*T	GAACCA	TGGTTC	TGCTTCCA	TGGTTC-TGCTTCCA	15.0215	hdi_c_14_R1.sort.flt.bam	HighDI	/home/maccamp/dsm-omics/data/SOMM515/hdi_c_14_R1.sort.flt.bam	31
hdi_A_10	hdi	A	10	HDI	A	SOMM515	Black21_E03_i5F	AATGATACGGCGACCACCGAGATCTACACGTCGTTACACACTCTTTCCCTACACGACGCTCTTCCGATC*T	GTCGTTAC	Sacks_E03	CAAGCAGAAGACGGCATACGAGATGACGACGTGACTGGAGTTCAGACGTGTGCTCTTCCGATC*T	GACGAC	GTCGTC	GTAACGAC	GTCGTC-GTAACGAC	14.6835	hdi_A_10_R1.sort.flt.bam	HighDI	/home/maccamp/dsm-omics/data/SOMM515/hdi_A_10_R1.sort.flt.bam	32
hdi_B_20	hdi	B	20	HDI	B	SOMM515	Black53_E07_i5F	AATGATACGGCGACCACCGAGATCTACACTGTTCCGTACACTCTTTCCCTACACGACGCTCTTCCGATC*T	TGTTCCGT	Sacks_E07	CAAGCAGAAGACGGCATACGAGATGCAGATGTGACTGGAGTTCAGACGTGTGCTCTTCCGATC*T	GCAGAT	ATCTGC	ACGGAACA	ATCTGC-ACGGAACA	18.1654	hdi_B_20_R1.sort.flt.bam	HighDI	/home/maccamp/dsm-omics/data/SOMM515/hdi_B_20_R1.sort.flt.bam	33
Ldi_A_2	Ldi	A	2	LDI	A	SOMM515	Black61_E08_i5F	AATGATACGGCGACCACCGAGATCTACACACTCAACGACACTCTTTCCCTACACGACGCTCTTCCGATC*T	ACTCAACG	Sacks_E08	CAAGCAGAAGACGGCATACGAGATGCATGGGTGACTGGAGTTCAGACGTGTGCTCTTCCGATC*T	GCATGG	CCATGC	CGTTGAGT	CCATGC-CGTTGAGT	17.9242	Ldi_A_2_R1.sort.flt.bam	LowDI	/home/maccamp/dsm-omics/data/SOMM515/Ldi_A_2_R1.sort.flt.bam	34
Ldi_A_5	Ldi	A	5	LDI	A	SOMM515	Black69_E09_i5F	AATGATACGGCGACCACCGAGATCTACACAACAGGTGACACTCTTTCCCTACACGACGCTCTTCCGATC*T	AACAGGTG	Sacks_E09	CAAGCAGAAGACGGCATACGAGATGCCGTAGTGACTGGAGTTCAGACGTGTGCTCTTCCGATC*T	GCCGTA	TACGGC	CACCTGTT	TACGGC-CACCTGTT	13.908	Ldi_A_5_R1.sort.flt.bam	LowDI	/home/maccamp/dsm-omics/data/SOMM515/Ldi_A_5_R1.sort.flt.bam	35
ldi_B_11	ldi	B	11	LDI	B	SOMM515	Black77_E10_i5F	AATGATACGGCGACCACCGAGATCTACACCCTGTCAAACACTCTTTCCCTACACGACGCTCTTCCGATC*T	CCTGTCAA	Sacks_E10	CAAGCAGAAGACGGCATACGAGATGCGACCGTGACTGGAGTTCAGACGTGTGCTCTTCCGATC*T	GCGACC	GGTCGC	TTGACAGG	GGTCGC-TTGACAGG	14.5813	ldi_B_11_R1.sort.flt.bam	LowDI	/home/maccamp/dsm-omics/data/SOMM515/ldi_B_11_R1.sort.flt.bam	36
hdi_c_20	hdi	c	20	HDI	C	SOMM515	Black14_F02_i5F	AATGATACGGCGACCACCGAGATCTACACACAGGCATACACTCTTTCCCTACACGACGCTCTTCCGATC*T	ACAGGCAT	Sacks_F02	CAAGCAGAAGACGGCATACGAGATGGCAAGGTGACTGGAGTTCAGACGTGTGCTCTTCCGATC*T	GGCAAG	CTTGCC	ATGCCTGT	CTTGCC-ATGCCTGT	17.5825	hdi_c_20_R1.sort.flt.bam	HighDI	/home/maccamp/dsm-omics/data/SOMM515/hdi_c_20_R1.sort.flt.bam	37
hdi_A_13	hdi	A	13	HDI	A	SOMM515	Black30_F04_i5F	AATGATACGGCGACCACCGAGATCTACACACTTGGCTACACTCTTTCCCTACACGACGCTCTTCCGATC*T	ACTTGGCT	Sacks_F04	CAAGCAGAAGACGGCATACGAGATGGGGCGGTGACTGGAGTTCAGACGTGTGCTCTTCCGATC*T	GGGGCG	CGCCCC	AGCCAAGT	CGCCCC-AGCCAAGT	21.6506	hdi_A_13_R1.sort.flt.bam	HighDI	/home/maccamp/dsm-omics/data/SOMM515/hdi_A_13_R1.sort.flt.bam	38
hdi_A_9	hdi	A	9	HDI	A	SOMM515	Black38_F05_i5F	AATGATACGGCGACCACCGAGATCTACACATACTGGCACACTCTTTCCCTACACGACGCTCTTCCGATC*T	ATACTGGC	Sacks_F05	CAAGCAGAAGACGGCATACGAGATGGTACAGTGACTGGAGTTCAGACGTGTGCTCTTCCGATC*T	GGTACA	TGTACC	GCCAGTAT	TGTACC-GCCAGTAT	19.9412	hdi_A_9_R1.sort.flt.bam	HighDI	/home/maccamp/dsm-omics/data/SOMM515/hdi_A_9_R1.sort.flt.bam	39
Ldi_A_12	Ldi	A	12	LDI	A	SOMM515	Black62_F08_i5F	AATGATACGGCGACCACCGAGATCTACACCGCCTTATACACTCTTTCCCTACACGACGCTCTTCCGATC*T	CGCCTTAT	Sacks_F08	CAAGCAGAAGACGGCATACGAGATGTATCCGTGACTGGAGTTCAGACGTGTGCTCTTCCGATC*T	GTATCC	GGATAC	ATAAGGCG	GGATAC-ATAAGGCG	20.2407	Ldi_A_12_R1.sort.flt.bam	LowDI	/home/maccamp/dsm-omics/data/SOMM515/Ldi_A_12_R1.sort.flt.bam	40
hdi_c_4	hdi	c	4	HDI	C	SOMM515	Black15_G02_i5F	AATGATACGGCGACCACCGAGATCTACACGATCAAGGACACTCTTTCCCTACACGACGCTCTTCCGATC*T	GATCAAGG	Sacks_G02	CAAGCAGAAGACGGCATACGAGATTAATTCGTGACTGGAGTTCAGACGTGTGCTCTTCCGATC*T	TAATTC	GAATTA	CCTTGATC	GAATTA-CCTTGATC	23.2152	hdi_c_4_R1.sort.flt.bam	HighDI	/home/maccamp/dsm-omics/data/SOMM515/hdi_c_4_R1.sort.flt.bam	41
hdi_A_16	hdi	A	16	HDI	A	SOMM515	Black23_G03_i5F	AATGATACGGCGACCACCGAGATCTACACTTGGACTGACACTCTTTCCCTACACGACGCTCTTCCGATC*T	TTGGACTG	Sacks_G03	CAAGCAGAAGACGGCATACGAGATTACACAGTGACTGGAGTTCAGACGTGTGCTCTTCCGATC*T	TACACA	TGTGTA	CAGTCCAA	TGTGTA-CAGTCCAA	19.5254	hdi_A_16_R1.sort.flt.bam	HighDI	/home/maccamp/dsm-omics/data/SOMM515/hdi_A_16_R1.sort.flt.bam	42
hdi_A_19	hdi	A	19	HDI	A	SOMM515	Black31_G04_i5F	AATGATACGGCGACCACCGAGATCTACACCGGATCAAACACTCTTTCCCTACACGACGCTCTTCCGATC*T	CGGATCAA	Sacks_G04	CAAGCAGAAGACGGCATACGAGATTACGGGGTGACTGGAGTTCAGACGTGTGCTCTTCCGATC*T	TACGGG	CCCGTA	TTGATCCG	CCCGTA-TTGATCCG	22.2939	hdi_A_19_R1.sort.flt.bam	HighDI	/home/maccamp/dsm-omics/data/SOMM515/hdi_A_19_R1.sort.flt.bam	43
hdi_A_11	hdi	A	11	HDI	A	SOMM515	Black39_G05_i5F	AATGATACGGCGACCACCGAGATCTACACCGGAGTATACACTCTTTCCCTACACGACGCTCTTCCGATC*T	CGGAGTAT	Sacks_G05	CAAGCAGAAGACGGCATACGAGATTAGTATGTGACTGGAGTTCAGACGTGTGCTCTTCCGATC*T	TAGTAT	ATACTA	ATACTCCG	ATACTA-ATACTCCG	22.0247	hdi_A_11_R1.sort.flt.bam	HighDI	/home/maccamp/dsm-omics/data/SOMM515/hdi_A_11_R1.sort.flt.bam	44
hdi_B_5	hdi	B	5	HDI	B	SOMM515	Black47_G06_i5F	AATGATACGGCGACCACCGAGATCTACACTCTAGGAGACACTCTTTCCCTACACGACGCTCTTCCGATC*T	TCTAGGAG	Sacks_G06	CAAGCAGAAGACGGCATACGAGATTATCACGTGACTGGAGTTCAGACGTGTGCTCTTCCGATC*T	TATCAC	GTGATA	CTCCTAGA	GTGATA-CTCCTAGA	13.4031	hdi_B_5_R1.sort.flt.bam	HighDI	/home/maccamp/dsm-omics/data/SOMM515/hdi_B_5_R1.sort.flt.bam	45
hdi_B_16	hdi	B	16	HDI	B	SOMM515	Black55_G07_i5F	AATGATACGGCGACCACCGAGATCTACACCATACGGAACACTCTTTCCCTACACGACGCTCTTCCGATC*T	CATACGGA	Sacks_G07	CAAGCAGAAGACGGCATACGAGATTCAAAGGTGACTGGAGTTCAGACGTGTGCTCTTCCGATC*T	TCAAAG	CTTTGA	TCCGTATG	CTTTGA-TCCGTATG	14.7093	hdi_B_16_R1.sort.flt.bam	HighDI	/home/maccamp/dsm-omics/data/SOMM515/hdi_B_16_R1.sort.flt.bam	46
Ldi_A_9	Ldi	A	9	LDI	A	SOMM515	Black63_G08_i5F	AATGATACGGCGACCACCGAGATCTACACGCATAGTCACACTCTTTCCCTACACGACGCTCTTCCGATC*T	GCATAGTC	Sacks_G08	CAAGCAGAAGACGGCATACGAGATTCCTGCGTGACTGGAGTTCAGACGTGTGCTCTTCCGATC*T	TCCTGC	GCAGGA	GACTATGC	GCAGGA-GACTATGC	12.1288	Ldi_A_9_R1.sort.flt.bam	LowDI	/home/maccamp/dsm-omics/data/SOMM515/Ldi_A_9_R1.sort.flt.bam	47
Ldi_A_4	Ldi	A	4	LDI	A	SOMM515	Black71_G09_i5F	AATGATACGGCGACCACCGAGATCTACACTCCTGACTACACTCTTTCCCTACACGACGCTCTTCCGATC*T	TCCTGACT	Sacks_G09	CAAGCAGAAGACGGCATACGAGATTCGATTGTGACTGGAGTTCAGACGTGTGCTCTTCCGATC*T	TCGATT	AATCGA	AGTCAGGA	AATCGA-AGTCAGGA	19.4932	Ldi_A_4_R1.sort.flt.bam	LowDI	/home/maccamp/dsm-omics/data/SOMM515/Ldi_A_4_R1.sort.flt.bam	48
ldi_B_4	ldi	B	4	LDI	B	SOMM515	Black79_G10_i5F	AATGATACGGCGACCACCGAGATCTACACACAGCAAGACACTCTTTCCCTACACGACGCTCTTCCGATC*T	ACAGCAAG	Sacks_G10	CAAGCAGAAGACGGCATACGAGATTCGCCAGTGACTGGAGTTCAGACGTGTGCTCTTCCGATC*T	TCGCCA	TGGCGA	CTTGCTGT	TGGCGA-CTTGCTGT	16.4593	ldi_B_4_R1.sort.flt.bam	LowDI	/home/maccamp/dsm-omics/data/SOMM515/ldi_B_4_R1.sort.flt.bam	49
hdi_c_16	hdi	c	16	HDI	C	SOMM515	Black16_H02_i5F	AATGATACGGCGACCACCGAGATCTACACCCTATACCACACTCTTTCCCTACACGACGCTCTTCCGATC*T	CCTATACC	Sacks_H02	CAAGCAGAAGACGGCATACGAGATTGAACCGTGACTGGAGTTCAGACGTGTGCTCTTCCGATC*T	TGAACC	GGTTCA	GGTATAGG	GGTTCA-GGTATAGG	11.9955	hdi_c_16_R1.sort.flt.bam	HighDI	/home/maccamp/dsm-omics/data/SOMM515/hdi_c_16_R1.sort.flt.bam	50
hdi_A_4	hdi	A	4	HDI	A	SOMM515	Black24_H03_i5F	AATGATACGGCGACCACCGAGATCTACACCAACGAGTACACTCTTTCCCTACACGACGCTCTTCCGATC*T	CAACGAGT	Sacks_H03	CAAGCAGAAGACGGCATACGAGATTGACAAGTGACTGGAGTTCAGACGTGTGCTCTTCCGATC*T	TGACAA	TTGTCA	ACTCGTTG	TTGTCA-ACTCGTTG	23.4103	hdi_A_4_R1.sort.flt.bam	HighDI	/home/maccamp/dsm-omics/data/SOMM515/hdi_A_4_R1.sort.flt.bam	51
hdi_B_10	hdi	B	10	HDI	B	SOMM515	Black56_H07_i5F	AATGATACGGCGACCACCGAGATCTACACGGAGTCTTACACTCTTTCCCTACACGACGCTCTTCCGATC*T	GGAGTCTT	Sacks_H07	CAAGCAGAAGACGGCATACGAGATTTATGAGTGACTGGAGTTCAGACGTGTGCTCTTCCGATC*T	TTATGA	TCATAA	AAGACTCC	TCATAA-AAGACTCC	13.5489	hdi_B_10_R1.sort.flt.bam	HighDI	/home/maccamp/dsm-omics/data/SOMM515/hdi_B_10_R1.sort.flt.bam	52
Ldi_A_8	Ldi	A	8	LDI	A	SOMM515	Black64_H08_i5F	AATGATACGGCGACCACCGAGATCTACACGGCGAATAACACTCTTTCCCTACACGACGCTCTTCCGATC*T	GGCGAATA	Sacks_H08	CAAGCAGAAGACGGCATACGAGATTTCCGTGTGACTGGAGTTCAGACGTGTGCTCTTCCGATC*T	TTCCGT	ACGGAA	TATTCGCC	ACGGAA-TATTCGCC	10.7857	Ldi_A_8_R1.sort.flt.bam	LowDI	/home/maccamp/dsm-omics/data/SOMM515/Ldi_A_8_R1.sort.flt.bam	53
Ldi_A_11	Ldi	A	11	LDI	A	SOMM515	Black72_H09_i5F	AATGATACGGCGACCACCGAGATCTACACCTAACCTGACACTCTTTCCCTACACGACGCTCTTCCGATC*T	CTAACCTG	Sacks_H09	CAAGCAGAAGACGGCATACGAGATTTCTAGGTGACTGGAGTTCAGACGTGTGCTCTTCCGATC*T	TTCTAG	CTAGAA	CAGGTTAG	CTAGAA-CAGGTTAG	18.7915	Ldi_A_11_R1.sort.flt.bam	LowDI	/home/maccamp/dsm-omics/data/SOMM515/Ldi_A_11_R1.sort.flt.bam	54
ldi_B_2	ldi	B	2	LDI	B	SOMM515	Black80_H10_i5F	AATGATACGGCGACCACCGAGATCTACACCTGAACGTACACTCTTTCCCTACACGACGCTCTTCCGATC*T	CTGAACGT	Sacks_H10	CAAGCAGAAGACGGCATACGAGATTTGAGCGTGACTGGAGTTCAGACGTGTGCTCTTCCGATC*T	TTGAGC	GCTCAA	ACGTTCAG	GCTCAA-ACGTTCAG	14.7367	ldi_B_2_R1.sort.flt.bam	LowDI	/home/maccamp/dsm-omics/data/SOMM515/ldi_B_2_R1.sort.flt.bam	55
ldi_C_21	ldi	C	21	LDI	C	SOMM516	Black09_A02_i5F	AATGATACGGCGACCACCGAGATCTACACTAGTCTCGACACTCTTTCCCTACACGACGCTCTTCCGATC*T	TAGTCTCG	Sacks_A02	CAAGCAGAAGACGGCATACGAGATAACGTTGTGACTGGAGTTCAGACGTGTGCTCTTCCGATC*T	AACGTT	AACGTT	CGAGACTA	AACGTT-CGAGACTA	13.9145	ldi_C_21_R1.sort.flt.bam	LowDI	/home/maccamp/dsm-omics/data/SOMM516/ldi_C_21_R1.sort.flt.bam	56
LDI_D_03	LDI	D	03	LDI	D	SOMM516	Black17_A03_i5F	AATGATACGGCGACCACCGAGATCTACACTGAGCTGTACACTCTTTCCCTACACGACGCTCTTCCGATC*T	TGAGCTGT	Sacks_A03	CAAGCAGAAGACGGCATACGAGATAACTGAGTGACTGGAGTTCAGACGTGTGCTCTTCCGATC*T	AACTGA	TCAGTT	ACAGCTCA	TCAGTT-ACAGCTCA	13.5678	LDI_D_03_R1.sort.flt.bam	LowDI	/home/maccamp/dsm-omics/data/SOMM516/LDI_D_03_R1.sort.flt.bam	57
ldi_B_6	ldi	B	6	LDI	B	SOMM516	Black81_A11_i5F	AATGATACGGCGACCACCGAGATCTACACAAGCCTGAACACTCTTTCCCTACACGACGCTCTTCCGATC*T	AAGCCTGA	Sacks_A11	CAAGCAGAAGACGGCATACGAGATACCATGGTGACTGGAGTTCAGACGTGTGCTCTTCCGATC*T	ACCATG	CATGGT	TCAGGCTT	CATGGT-TCAGGCTT	18.567	ldi_B_6_R1.sort.flt.bam	LowDI	/home/maccamp/dsm-omics/data/SOMM516/ldi_B_6_R1.sort.flt.bam	58
ldi_C_12	ldi	C	12	LDI	C	SOMM516	Black89_A12_i5F	AATGATACGGCGACCACCGAGATCTACACAGTACACGACACTCTTTCCCTACACGACGCTCTTCCGATC*T	AGTACACG	Sacks_A12	CAAGCAGAAGACGGCATACGAGATACCCCCGTGACTGGAGTTCAGACGTGTGCTCTTCCGATC*T	ACCCCC	GGGGGT	CGTGTACT	GGGGGT-CGTGTACT	17.0692	ldi_C_12_R1.sort.flt.bam	LowDI	/home/maccamp/dsm-omics/data/SOMM516/ldi_C_12_R1.sort.flt.bam	59
ldi_C_7	ldi	C	7	LDI	C	SOMM516	Black02_B01_i5F	AATGATACGGCGACCACCGAGATCTACACCGACACTTACACTCTTTCCCTACACGACGCTCTTCCGATC*T	CGACACTT	Sacks_B01	CAAGCAGAAGACGGCATACGAGATACTCTTGTGACTGGAGTTCAGACGTGTGCTCTTCCGATC*T	ACTCTT	AAGAGT	AAGTGTCG	AAGAGT-AAGTGTCG	13.8835	ldi_C_7_R1.sort.flt.bam	LowDI	/home/maccamp/dsm-omics/data/SOMM516/ldi_C_7_R1.sort.flt.bam	60
HDI_C_01	HDI	C	01	HDI	C	SOMM516	Black26_B04_i5F	AATGATACGGCGACCACCGAGATCTACACGCGTATCAACACTCTTTCCCTACACGACGCTCTTCCGATC*T	GCGTATCA	Sacks_B04	CAAGCAGAAGACGGCATACGAGATAGCGCAGTGACTGGAGTTCAGACGTGTGCTCTTCCGATC*T	AGCGCA	TGCGCT	TGATACGC	TGCGCT-TGATACGC	20.2875	HDI_C_01_R1.sort.flt.bam	HighDI	/home/maccamp/dsm-omics/data/SOMM516/HDI_C_01_R1.sort.flt.bam	61
ldi_B_1	ldi	B	1	LDI	B	SOMM516	Black82_B11_i5F	AATGATACGGCGACCACCGAGATCTACACCTTAGGACACACTCTTTCCCTACACGACGCTCTTCCGATC*T	CTTAGGAC	Sacks_B11	CAAGCAGAAGACGGCATACGAGATATGCACGTGACTGGAGTTCAGACGTGTGCTCTTCCGATC*T	ATGCAC	GTGCAT	GTCCTAAG	GTGCAT-GTCCTAAG	12.9965	ldi_B_1_R1.sort.flt.bam	LowDI	/home/maccamp/dsm-omics/data/SOMM516/ldi_B_1_R1.sort.flt.bam	62
ldi_C_15	ldi	C	15	LDI	C	SOMM516	Black90_B12_i5F	AATGATACGGCGACCACCGAGATCTACACCCGCTTAAACACTCTTTCCCTACACGACGCTCTTCCGATC*T	CCGCTTAA	Sacks_B12	CAAGCAGAAGACGGCATACGAGATATGTTGGTGACTGGAGTTCAGACGTGTGCTCTTCCGATC*T	ATGTTG	CAACAT	TTAAGCGG	CAACAT-TTAAGCGG	14.7758	ldi_C_15_R1.sort.flt.bam	LowDI	/home/maccamp/dsm-omics/data/SOMM516/ldi_C_15_R1.sort.flt.bam	63
ldi_C_3	ldi	C	3	LDI	C	SOMM516	Black03_C01_i5F	AATGATACGGCGACCACCGAGATCTACACTACAGAGCACACTCTTTCCCTACACGACGCTCTTCCGATC*T	TACAGAGC	Sacks_C01	CAAGCAGAAGACGGCATACGAGATATTCCGGTGACTGGAGTTCAGACGTGTGCTCTTCCGATC*T	ATTCCG	CGGAAT	GCTCTGTA	CGGAAT-GCTCTGTA	16.9344	ldi_C_3_R1.sort.flt.bam	LowDI	/home/maccamp/dsm-omics/data/SOMM516/ldi_C_3_R1.sort.flt.bam	64
ldi_C_13	ldi	C	13	LDI	C	SOMM516	Black11_C02_i5F	AATGATACGGCGACCACCGAGATCTACACAAGCGTTCACACTCTTTCCCTACACGACGCTCTTCCGATC*T	AAGCGTTC	Sacks_C02	CAAGCAGAAGACGGCATACGAGATCAAAAAGTGACTGGAGTTCAGACGTGTGCTCTTCCGATC*T	CAAAAA	TTTTTG	GAACGCTT	TTTTTG-GAACGCTT	17.0885	ldi_C_13_R1.sort.flt.bam	LowDI	/home/maccamp/dsm-omics/data/SOMM516/ldi_C_13_R1.sort.flt.bam	65
HDI_C_04	HDI	C	04	HDI	C	SOMM516	Black19_C03_i5F	AATGATACGGCGACCACCGAGATCTACACAGTGACCTACACTCTTTCCCTACACGACGCTCTTCCGATC*T	AGTGACCT	Sacks_C03	CAAGCAGAAGACGGCATACGAGATCAATCGGTGACTGGAGTTCAGACGTGTGCTCTTCCGATC*T	CAATCG	CGATTG	AGGTCACT	CGATTG-AGGTCACT	18.7225	HDI_C_04_R1.sort.flt.bam	HighDI	/home/maccamp/dsm-omics/data/SOMM516/HDI_C_04_R1.sort.flt.bam	66
HDI_C_02	HDI	C	02	HDI	C	SOMM516	Black27_C04_i5F	AATGATACGGCGACCACCGAGATCTACACACCATAGGACACTCTTTCCCTACACGACGCTCTTCCGATC*T	ACCATAGG	Sacks_C04	CAAGCAGAAGACGGCATACGAGATCACCTCGTGACTGGAGTTCAGACGTGTGCTCTTCCGATC*T	CACCTC	GAGGTG	CCTATGGT	GAGGTG-CCTATGGT	13.4121	HDI_C_02_R1.sort.flt.bam	HighDI	/home/maccamp/dsm-omics/data/SOMM516/HDI_C_02_R1.sort.flt.bam	67
LDI_D_06	LDI	D	06	LDI	D	SOMM516	Black35_C05_i5F	AATGATACGGCGACCACCGAGATCTACACCTCGAACAACACTCTTTCCCTACACGACGCTCTTCCGATC*T	CTCGAACA	Sacks_C05	CAAGCAGAAGACGGCATACGAGATCAGGCAGTGACTGGAGTTCAGACGTGTGCTCTTCCGATC*T	CAGGCA	TGCCTG	TGTTCGAG	TGCCTG-TGTTCGAG	14.0616	LDI_D_06_R1.sort.flt.bam	LowDI	/home/maccamp/dsm-omics/data/SOMM516/LDI_D_06_R1.sort.flt.bam	68
ldi_B_5	ldi	B	5	LDI	B	SOMM516	Black83_C11_i5F	AATGATACGGCGACCACCGAGATCTACACGCCTTCTTACACTCTTTCCCTACACGACGCTCTTCCGATC*T	GCCTTCTT	Sacks_C11	CAAGCAGAAGACGGCATACGAGATCCGCATGTGACTGGAGTTCAGACGTGTGCTCTTCCGATC*T	CCGCAT	ATGCGG	AAGAAGGC	ATGCGG-AAGAAGGC	14.9866	ldi_B_5_R1.sort.flt.bam	LowDI	/home/maccamp/dsm-omics/data/SOMM516/ldi_B_5_R1.sort.flt.bam	69
ldi_C_17	ldi	C	17	LDI	C	SOMM516	Black91_C12_i5F	AATGATACGGCGACCACCGAGATCTACACTGCTCTACACACTCTTTCCCTACACGACGCTCTTCCGATC*T	TGCTCTAC	Sacks_C12	CAAGCAGAAGACGGCATACGAGATCCTAACGTGACTGGAGTTCAGACGTGTGCTCTTCCGATC*T	CCTAAC	GTTAGG	GTAGAGCA	GTTAGG-GTAGAGCA	13.5678	ldi_C_17_R1.sort.flt.bam	LowDI	/home/maccamp/dsm-omics/data/SOMM516/ldi_C_17_R1.sort.flt.bam	70
ldi_C_1	ldi	C	1	LDI	C	SOMM516	Black04_D01_i5F	AATGATACGGCGACCACCGAGATCTACACGTACCACAACACTCTTTCCCTACACGACGCTCTTCCGATC*T	GTACCACA	Sacks_D01	CAAGCAGAAGACGGCATACGAGATCGAGGCGTGACTGGAGTTCAGACGTGTGCTCTTCCGATC*T	CGAGGC	GCCTCG	TGTGGTAC	GCCTCG-TGTGGTAC	16.9703	ldi_C_1_R1.sort.flt.bam	LowDI	/home/maccamp/dsm-omics/data/SOMM516/ldi_C_1_R1.sort.flt.bam	71
ldi_C_28	ldi	C	28	LDI	C	SOMM516	Black12_D02_i5F	AATGATACGGCGACCACCGAGATCTACACGCATTGGTACACTCTTTCCCTACACGACGCTCTTCCGATC*T	GCATTGGT	Sacks_D02	CAAGCAGAAGACGGCATACGAGATCGCAGAGTGACTGGAGTTCAGACGTGTGCTCTTCCGATC*T	CGCAGA	TCTGCG	ACCAATGC	TCTGCG-ACCAATGC	14.3826	ldi_C_28_R1.sort.flt.bam	LowDI	/home/maccamp/dsm-omics/data/SOMM516/ldi_C_28_R1.sort.flt.bam	72
HDI_C_07	HDI	C	07	HDI	C	SOMM516	Black36_D05_i5F	AATGATACGGCGACCACCGAGATCTACACGCAACCATACACTCTTTCCCTACACGACGCTCTTCCGATC*T	GCAACCAT	Sacks_D05	CAAGCAGAAGACGGCATACGAGATCGTCTAGTGACTGGAGTTCAGACGTGTGCTCTTCCGATC*T	CGTCTA	TAGACG	ATGGTTGC	TAGACG-ATGGTTGC	17.7439	HDI_C_07_R1.sort.flt.bam	HighDI	/home/maccamp/dsm-omics/data/SOMM516/HDI_C_07_R1.sort.flt.bam	74
ldi_B_7	ldi	B	7	LDI	B	SOMM516	Black84_D11_i5F	AATGATACGGCGACCACCGAGATCTACACGTGGTATGACACTCTTTCCCTACACGACGCTCTTCCGATC*T	GTGGTATG	Sacks_D11	CAAGCAGAAGACGGCATACGAGATCTTATGGTGACTGGAGTTCAGACGTGTGCTCTTCCGATC*T	CTTATG	CATAAG	CATACCAC	CATAAG-CATACCAC	15.9573	ldi_B_7_R1.sort.flt.bam	LowDI	/home/maccamp/dsm-omics/data/SOMM516/ldi_B_7_R1.sort.flt.bam	75
ldi_C_20	ldi	C	20	LDI	C	SOMM516	Black92_D12_i5F	AATGATACGGCGACCACCGAGATCTACACATGCGCTTACACTCTTTCCCTACACGACGCTCTTCCGATC*T	ATGCGCTT	Sacks_D12	CAAGCAGAAGACGGCATACGAGATCTTTGCGTGACTGGAGTTCAGACGTGTGCTCTTCCGATC*T	CTTTGC	GCAAAG	AAGCGCAT	GCAAAG-AAGCGCAT	12.8392	ldi_C_20_R1.sort.flt.bam	LowDI	/home/maccamp/dsm-omics/data/SOMM516/ldi_C_20_R1.sort.flt.bam	76
ldi_C_24	ldi	C	24	LDI	C	SOMM516	Black13_E02_i5F	AATGATACGGCGACCACCGAGATCTACACTGGAAGCAACACTCTTTCCCTACACGACGCTCTTCCGATC*T	TGGAAGCA	Sacks_E02	CAAGCAGAAGACGGCATACGAGATGAACCAGTGACTGGAGTTCAGACGTGTGCTCTTCCGATC*T	GAACCA	TGGTTC	TGCTTCCA	TGGTTC-TGCTTCCA	14.6767	ldi_C_24_R1.sort.flt.bam	LowDI	/home/maccamp/dsm-omics/data/SOMM516/ldi_C_24_R1.sort.flt.bam	77
LDI_D_08	LDI	D	08	LDI	D	SOMM516	Black21_E03_i5F	AATGATACGGCGACCACCGAGATCTACACGTCGTTACACACTCTTTCCCTACACGACGCTCTTCCGATC*T	GTCGTTAC	Sacks_E03	CAAGCAGAAGACGGCATACGAGATGACGACGTGACTGGAGTTCAGACGTGTGCTCTTCCGATC*T	GACGAC	GTCGTC	GTAACGAC	GTCGTC-GTAACGAC	14.423400000000001	LDI_D_08_R1.sort.flt.bam	LowDI	/home/maccamp/dsm-omics/data/SOMM516/LDI_D_08_R1.sort.flt.bam	78
HDI_C_08	HDI	C	08	HDI	C	SOMM516	Black29_E04_i5F	AATGATACGGCGACCACCGAGATCTACACGAACCTTCACACTCTTTCCCTACACGACGCTCTTCCGATC*T	GAACCTTC	Sacks_E04	CAAGCAGAAGACGGCATACGAGATGACTCTGTGACTGGAGTTCAGACGTGTGCTCTTCCGATC*T	GACTCT	AGAGTC	GAAGGTTC	AGAGTC-GAAGGTTC	21.4724	HDI_C_08_R1.sort.flt.bam	HighDI	/home/maccamp/dsm-omics/data/SOMM516/HDI_C_08_R1.sort.flt.bam	79
ldi_C_23	ldi	C	23	LDI	C	SOMM516	Black85_E11_i5F	AATGATACGGCGACCACCGAGATCTACACTGACCGTTACACTCTTTCCCTACACGACGCTCTTCCGATC*T	TGACCGTT	Sacks_E11	CAAGCAGAAGACGGCATACGAGATGCGCTGGTGACTGGAGTTCAGACGTGTGCTCTTCCGATC*T	GCGCTG	CAGCGC	AACGGTCA	CAGCGC-AACGGTCA	10.5958	ldi_C_23_R1.sort.flt.bam	LowDI	/home/maccamp/dsm-omics/data/SOMM516/ldi_C_23_R1.sort.flt.bam	80
ldi_C_2	ldi	C	2	LDI	C	SOMM516	Black93_E12_i5F	AATGATACGGCGACCACCGAGATCTACACGCTAAGGAACACTCTTTCCCTACACGACGCTCTTCCGATC*T	GCTAAGGA	Sacks_E12	CAAGCAGAAGACGGCATACGAGATGCTCAAGTGACTGGAGTTCAGACGTGTGCTCTTCCGATC*T	GCTCAA	TTGAGC	TCCTTAGC	TTGAGC-TCCTTAGC	20.0858	ldi_C_2_R1.sort.flt.bam	LowDI	/home/maccamp/dsm-omics/data/SOMM516/ldi_C_2_R1.sort.flt.bam	81
ldi_C_10	ldi	C	10	LDI	C	SOMM516	Black14_F02_i5F	AATGATACGGCGACCACCGAGATCTACACACAGGCATACACTCTTTCCCTACACGACGCTCTTCCGATC*T	ACAGGCAT	Sacks_F02	CAAGCAGAAGACGGCATACGAGATGGCAAGGTGACTGGAGTTCAGACGTGTGCTCTTCCGATC*T	GGCAAG	CTTGCC	ATGCCTGT	CTTGCC-ATGCCTGT	16.5086	ldi_C_10_R1.sort.flt.bam	LowDI	/home/maccamp/dsm-omics/data/SOMM516/ldi_C_10_R1.sort.flt.bam	83
LDI_D_02	LDI	D	02	LDI	D	SOMM516	Black22_F03_i5F	AATGATACGGCGACCACCGAGATCTACACTAGCCATGACACTCTTTCCCTACACGACGCTCTTCCGATC*T	TAGCCATG	Sacks_F03	CAAGCAGAAGACGGCATACGAGATGGGCGCGTGACTGGAGTTCAGACGTGTGCTCTTCCGATC*T	GGGCGC	GCGCCC	CATGGCTA	GCGCCC-CATGGCTA	23.6792	LDI_D_02_R1.sort.flt.bam	LowDI	/home/maccamp/dsm-omics/data/SOMM516/LDI_D_02_R1.sort.flt.bam	84
ldi_C_27	ldi	C	27	LDI	C	SOMM516	Black86_F11_i5F	AATGATACGGCGACCACCGAGATCTACACAACAGCGAACACTCTTTCCCTACACGACGCTCTTCCGATC*T	AACAGCGA	Sacks_F11	CAAGCAGAAGACGGCATACGAGATGTGTAAGTGACTGGAGTTCAGACGTGTGCTCTTCCGATC*T	GTGTAA	TTACAC	TCGCTGTT	TTACAC-TCGCTGTT	13.3134	ldi_C_27_R1.sort.flt.bam	LowDI	/home/maccamp/dsm-omics/data/SOMM516/ldi_C_27_R1.sort.flt.bam	86
ldi_C_11	ldi	C	11	LDI	C	SOMM516	Black94_F12_i5F	AATGATACGGCGACCACCGAGATCTACACATCGTGGTACACTCTTTCCCTACACGACGCTCTTCCGATC*T	ATCGTGGT	Sacks_F12	CAAGCAGAAGACGGCATACGAGATGTTGGAGTGACTGGAGTTCAGACGTGTGCTCTTCCGATC*T	GTTGGA	TCCAAC	ACCACGAT	TCCAAC-ACCACGAT	16.5938	ldi_C_11_R1.sort.flt.bam	LowDI	/home/maccamp/dsm-omics/data/SOMM516/ldi_C_11_R1.sort.flt.bam	87
ldi_C_18	ldi	C	18	LDI	C	SOMM516	Black07_G01_i5F	AATGATACGGCGACCACCGAGATCTACACCAATGCGAACACTCTTTCCCTACACGACGCTCTTCCGATC*T	CAATGCGA	Sacks_G01	CAAGCAGAAGACGGCATACGAGATTAAGCTGTGACTGGAGTTCAGACGTGTGCTCTTCCGATC*T	TAAGCT	AGCTTA	TCGCATTG	AGCTTA-TCGCATTG	17.0911	ldi_C_18_R1.sort.flt.bam	LowDI	/home/maccamp/dsm-omics/data/SOMM516/ldi_C_18_R1.sort.flt.bam	88
ldi_C_16	ldi	C	16	LDI	C	SOMM516	Black15_G02_i5F	AATGATACGGCGACCACCGAGATCTACACGATCAAGGACACTCTTTCCCTACACGACGCTCTTCCGATC*T	GATCAAGG	Sacks_G02	CAAGCAGAAGACGGCATACGAGATTAATTCGTGACTGGAGTTCAGACGTGTGCTCTTCCGATC*T	TAATTC	GAATTA	CCTTGATC	GAATTA-CCTTGATC	11.6466	ldi_C_16_R1.sort.flt.bam	LowDI	/home/maccamp/dsm-omics/data/SOMM516/ldi_C_16_R1.sort.flt.bam	89
LDI_D_07	LDI	D	07	LDI	D	SOMM516	Black23_G03_i5F	AATGATACGGCGACCACCGAGATCTACACTTGGACTGACACTCTTTCCCTACACGACGCTCTTCCGATC*T	TTGGACTG	Sacks_G03	CAAGCAGAAGACGGCATACGAGATTACACAGTGACTGGAGTTCAGACGTGTGCTCTTCCGATC*T	TACACA	TGTGTA	CAGTCCAA	TGTGTA-CAGTCCAA	21.1927	LDI_D_07_R1.sort.flt.bam	LowDI	/home/maccamp/dsm-omics/data/SOMM516/LDI_D_07_R1.sort.flt.bam	90
ldi_C_26	ldi	C	26	LDI	C	SOMM516	Black87_G11_i5F	AATGATACGGCGACCACCGAGATCTACACGAAGATCCACACTCTTTCCCTACACGACGCTCTTCCGATC*T	GAAGATCC	Sacks_G11	CAAGCAGAAGACGGCATACGAGATTCGGACGTGACTGGAGTTCAGACGTGTGCTCTTCCGATC*T	TCGGAC	GTCCGA	GGATCTTC	GTCCGA-GGATCTTC	13.1381	ldi_C_26_R1.sort.flt.bam	LowDI	/home/maccamp/dsm-omics/data/SOMM516/ldi_C_26_R1.sort.flt.bam	91
ldi_C_22	ldi	C	22	LDI	C	SOMM516	Black95_G12_i5F	AATGATACGGCGACCACCGAGATCTACACGAACGAAGACACTCTTTCCCTACACGACGCTCTTCCGATC*T	GAACGAAG	Sacks_G12	CAAGCAGAAGACGGCATACGAGATTCTCGGGTGACTGGAGTTCAGACGTGTGCTCTTCCGATC*T	TCTCGG	CCGAGA	CTTCGTTC	CCGAGA-CTTCGTTC	23.2312	ldi_C_22_R1.sort.flt.bam	LowDI	/home/maccamp/dsm-omics/data/SOMM516/ldi_C_22_R1.sort.flt.bam	92
ldi_C_4	ldi	C	4	LDI	C	SOMM516	Black08_H01_i5F	AATGATACGGCGACCACCGAGATCTACACGTTATGGCACACTCTTTCCCTACACGACGCTCTTCCGATC*T	GTTATGGC	Sacks_H01	CAAGCAGAAGACGGCATACGAGATTCTTCTGTGACTGGAGTTCAGACGTGTGCTCTTCCGATC*T	TCTTCT	AGAAGA	GCCATAAC	AGAAGA-GCCATAAC	10.9926	ldi_C_4_R1.sort.flt.bam	LowDI	/home/maccamp/dsm-omics/data/SOMM516/ldi_C_4_R1.sort.flt.bam	93
ldi_C_8	ldi	C	8	LDI	C	SOMM516	Black16_H02_i5F	AATGATACGGCGACCACCGAGATCTACACCCTATACCACACTCTTTCCCTACACGACGCTCTTCCGATC*T	CCTATACC	Sacks_H02	CAAGCAGAAGACGGCATACGAGATTGAACCGTGACTGGAGTTCAGACGTGTGCTCTTCCGATC*T	TGAACC	GGTTCA	GGTATAGG	GGTTCA-GGTATAGG	17.7976	ldi_C_8_R1.sort.flt.bam	LowDI	/home/maccamp/dsm-omics/data/SOMM516/ldi_C_8_R1.sort.flt.bam	94
ldi_C_9	ldi	C	9	LDI	C	SOMM516	Black88_H11_i5F	AATGATACGGCGACCACCGAGATCTACACTCCTGGTAACACTCTTTCCCTACACGACGCTCTTCCGATC*T	TCCTGGTA	Sacks_H11	CAAGCAGAAGACGGCATACGAGATTTTAATGTGACTGGAGTTCAGACGTGTGCTCTTCCGATC*T	TTTAAT	ATTAAA	TACCAGGA	ATTAAA-TACCAGGA	21.4343	ldi_C_9_R1.sort.flt.bam	LowDI	/home/maccamp/dsm-omics/data/SOMM516/ldi_C_9_R1.sort.flt.bam	95
ldi_C_14	ldi	C	14	LDI	C	SOMM516	Black96_H12_i5F	AATGATACGGCGACCACCGAGATCTACACCTTCCTTCACACTCTTTCCCTACACGACGCTCTTCCGATC*T	CTTCCTTC	Sacks_H12	CAAGCAGAAGACGGCATACGAGATTTTGTCGTGACTGGAGTTCAGACGTGTGCTCTTCCGATC*T	TTTGTC	GACAAA	GAAGGAAG	GACAAA-GAAGGAAG	11.9014	ldi_C_14_R1.sort.flt.bam	LowDI	/home/maccamp/dsm-omics/data/SOMM516/ldi_C_14_R1.sort.flt.bam	96
