Sample name,CrossType,Tank,Number,library number,i5 primer Name,i5 primer Sequence (8bp barcode),i5,i7 primer name,i7 Full primer sequence (6 bp barcode),i7,i7RevCom,i5RevCom,Barcode,Coverage,X2,X3,SeqFile,DI
hdi_c_1,HDI,C,1,SOMM515,Black01_A01_i5F,AATGATACGGCGACCACCGAGATCTACACACTGCGAAACACTCTTTCCCTACACGACGCTCTTCCGATC*T,ACTGCGAA,Sacks_A01,CAAGCAGAAGACGGCATACGAGATAAACGGGTGACTGGAGTTCAGACGTGTGCTCTTCCGATC*T,AAACGG,CCGTTT,TTCGCAGT,CCGTTT-TTCGCAGT,16.0717,NA,NA,hdi_c_1_R1.sort.flt.bam,HighDI
hdi_c_12,HDI,C,12,SOMM515,Black09_A02_i5F,AATGATACGGCGACCACCGAGATCTACACTAGTCTCGACACTCTTTCCCTACACGACGCTCTTCCGATC*T,TAGTCTCG,Sacks_A02,CAAGCAGAAGACGGCATACGAGATAACGTTGTGACTGGAGTTCAGACGTGTGCTCTTCCGATC*T,AACGTT,AACGTT,CGAGACTA,AACGTT-CGAGACTA,12.771,NA,NA,hdi_c_12_R1.sort.flt.bam,HighDI
hdi_c_13,HDI,C,13,SOMM515,Black17_A03_i5F,AATGATACGGCGACCACCGAGATCTACACTGAGCTGTACACTCTTTCCCTACACGACGCTCTTCCGATC*T,TGAGCTGT,Sacks_A03,CAAGCAGAAGACGGCATACGAGATAACTGAGTGACTGGAGTTCAGACGTGTGCTCTTCCGATC*T,AACTGA,TCAGTT,ACAGCTCA,TCAGTT-ACAGCTCA,34.7283,NA,NA,hdi_c_13_R1.sort.flt.bam,HighDI
hdi_A_1,HDI,A,1,SOMM515,Black25_A04_i5F,AATGATACGGCGACCACCGAGATCTACACAGTATGCCACACTCTTTCCCTACACGACGCTCTTCCGATC*T,AGTATGCC,Sacks_A04,CAAGCAGAAGACGGCATACGAGATAAGACGGTGACTGGAGTTCAGACGTGTGCTCTTCCGATC*T,AAGACG,CGTCTT,GGCATACT,CGTCTT-GGCATACT,33.6347,NA,NA,hdi_A_1_R1.sort.flt.bam,HighDI
hdi_A_18,HDI,A,18,SOMM515,Black33_A05_i5F,AATGATACGGCGACCACCGAGATCTACACTGGTGAAGACACTCTTTCCCTACACGACGCTCTTCCGATC*T,TGGTGAAG,Sacks_A05,CAAGCAGAAGACGGCATACGAGATAAGCTAGTGACTGGAGTTCAGACGTGTGCTCTTCCGATC*T,AAGCTA,TAGCTT,CTTCACCA,TAGCTT-CTTCACCA,19.1791,NA,NA,hdi_A_18_R1.sort.flt.bam,HighDI
hdi_B_15,HDI,B,15,SOMM515,Black41_A06_i5F,AATGATACGGCGACCACCGAGATCTACACTACTGCTCACACTCTTTCCCTACACGACGCTCTTCCGATC*T,TACTGCTC,Sacks_A06,CAAGCAGAAGACGGCATACGAGATAATATCGTGACTGGAGTTCAGACGTGTGCTCTTCCGATC*T,AATATC,GATATT,GAGCAGTA,GATATT-GAGCAGTA,11.5696,NA,NA,hdi_B_15_R1.sort.flt.bam,HighDI
hdi_B_6,HDI,B,6,SOMM515,Black49_A07_i5F,AATGATACGGCGACCACCGAGATCTACACACTCCTACACACTCTTTCCCTACACGACGCTCTTCCGATC*T,ACTCCTAC,Sacks_A07,CAAGCAGAAGACGGCATACGAGATAATGAGGTGACTGGAGTTCAGACGTGTGCTCTTCCGATC*T,AATGAG,CTCATT,GTAGGAGT,CTCATT-GTAGGAGT,10.9526,NA,NA,hdi_B_6_R1.sort.flt.bam,HighDI
hdi_B_2,HDI,B,2,SOMM515,Black57_A08_i5F,AATGATACGGCGACCACCGAGATCTACACTACTCCAGACACTCTTTCCCTACACGACGCTCTTCCGATC*T,TACTCCAG,Sacks_A08,CAAGCAGAAGACGGCATACGAGATACAAGAGTGACTGGAGTTCAGACGTGTGCTCTTCCGATC*T,ACAAGA,TCTTGT,CTGGAGTA,TCTTGT-CTGGAGTA,19.1135,NA,NA,hdi_B_2_R1.sort.flt.bam,HighDI
Ldi_A_6,LDI,A,6,SOMM515,Black65_A09_i5F,AATGATACGGCGACCACCGAGATCTACACTCACCTAGACACTCTTTCCCTACACGACGCTCTTCCGATC*T,TCACCTAG,Sacks_A09,CAAGCAGAAGACGGCATACGAGATACAGCGGTGACTGGAGTTCAGACGTGTGCTCTTCCGATC*T,ACAGCG,CGCTGT,CTAGGTGA,CGCTGT-CTAGGTGA,16.4965,NA,NA,Ldi_A_6_R1.sort.flt.bam,LowDI
ldi_B_12,LDI,B,12,SOMM515,Black73_A10_i5F,AATGATACGGCGACCACCGAGATCTACACGATCTTGCACACTCTTTCCCTACACGACGCTCTTCCGATC*T,GATCTTGC,Sacks_A10,CAAGCAGAAGACGGCATACGAGATACATACGTGACTGGAGTTCAGACGTGTGCTCTTCCGATC*T,ACATAC,GTATGT,GCAAGATC,GTATGT-GCAAGATC,14.5593,NA,NA,ldi_B_12_R1.sort.flt.bam,LowDI
hdi_c_9,HDI,C,9,SOMM515,Black02_B01_i5F,AATGATACGGCGACCACCGAGATCTACACCGACACTTACACTCTTTCCCTACACGACGCTCTTCCGATC*T,CGACACTT,Sacks_B01,CAAGCAGAAGACGGCATACGAGATACTCTTGTGACTGGAGTTCAGACGTGTGCTCTTCCGATC*T,ACTCTT,AAGAGT,AAGTGTCG,AAGAGT-AAGTGTCG,23.3167,NA,NA,hdi_c_9_R1.sort.flt.bam,HighDI
hdi_c_15,HDI,C,15,SOMM515,Black10_B02_i5F,AATGATACGGCGACCACCGAGATCTACACCTCACCAAACACTCTTTCCCTACACGACGCTCTTCCGATC*T,CTCACCAA,Sacks_B02,CAAGCAGAAGACGGCATACGAGATACTGGCGTGACTGGAGTTCAGACGTGTGCTCTTCCGATC*T,ACTGGC,GCCAGT,TTGGTGAG,GCCAGT-TTGGTGAG,14.1293,NA,NA,hdi_c_15_R1.sort.flt.bam,HighDI
hdi_c_3,HDI,C,3,SOMM515,Black18_B03_i5F,AATGATACGGCGACCACCGAGATCTACACAACCAGAGACACTCTTTCCCTACACGACGCTCTTCCGATC*T,AACCAGAG,Sacks_B03,CAAGCAGAAGACGGCATACGAGATAGCCATGTGACTGGAGTTCAGACGTGTGCTCTTCCGATC*T,AGCCAT,ATGGCT,CTCTGGTT,ATGGCT-CTCTGGTT,11.9314,NA,NA,hdi_c_3_R1.sort.flt.bam,HighDI
hdi_A_17,HDI,A,17,SOMM515,Black26_B04_i5F,AATGATACGGCGACCACCGAGATCTACACGCGTATCAACACTCTTTCCCTACACGACGCTCTTCCGATC*T,GCGTATCA,Sacks_B04,CAAGCAGAAGACGGCATACGAGATAGCGCAGTGACTGGAGTTCAGACGTGTGCTCTTCCGATC*T,AGCGCA,TGCGCT,TGATACGC,TGCGCT-TGATACGC,29.3979,NA,NA,hdi_A_17_R1.sort.flt.bam,HighDI
hdi_A_3,HDI,A,3,SOMM515,Black34_B05_i5F,AATGATACGGCGACCACCGAGATCTACACAATGACGCACACTCTTTCCCTACACGACGCTCTTCCGATC*T,AATGACGC,Sacks_B05,CAAGCAGAAGACGGCATACGAGATAGGGTCGTGACTGGAGTTCAGACGTGTGCTCTTCCGATC*T,AGGGTC,GACCCT,GCGTCATT,GACCCT-GCGTCATT,34.1678,NA,NA,hdi_A_3_R1.sort.flt.bam,HighDI
hdi_B_11,HDI,B,11,SOMM515,Black42_B06_i5F,AATGATACGGCGACCACCGAGATCTACACCCACAACAACACTCTTTCCCTACACGACGCTCTTCCGATC*T,CCACAACA,Sacks_B06,CAAGCAGAAGACGGCATACGAGATAGGTGTGTGACTGGAGTTCAGACGTGTGCTCTTCCGATC*T,AGGTGT,ACACCT,TGTTGTGG,ACACCT-TGTTGTGG,28.363,NA,NA,hdi_B_11_R1.sort.flt.bam,HighDI
hdi_B_7,HDI,B,7,SOMM515,Black50_B07_i5F,AATGATACGGCGACCACCGAGATCTACACGTATTCCGACACTCTTTCCCTACACGACGCTCTTCCGATC*T,GTATTCCG,Sacks_B07,CAAGCAGAAGACGGCATACGAGATAGTAGGGTGACTGGAGTTCAGACGTGTGCTCTTCCGATC*T,AGTAGG,CCTACT,CGGAATAC,CCTACT-CGGAATAC,12.0851,NA,NA,hdi_B_7_R1.sort.flt.bam,HighDI
hdi_B_19,HDI,B,19,SOMM515,Black58_B08_i5F,AATGATACGGCGACCACCGAGATCTACACAGGTAGGAACACTCTTTCCCTACACGACGCTCTTCCGATC*T,AGGTAGGA,Sacks_B08,CAAGCAGAAGACGGCATACGAGATAGTTAAGTGACTGGAGTTCAGACGTGTGCTCTTCCGATC*T,AGTTAA,TTAACT,TCCTACCT,TTAACT-TCCTACCT,8.57538,NA,NA,hdi_B_19_R1.sort.flt.bam,HighDI
Ldi_A_3,LDI,A,3,SOMM515,Black66_B09_i5F,AATGATACGGCGACCACCGAGATCTACACACGAGAACACACTCTTTCCCTACACGACGCTCTTCCGATC*T,ACGAGAAC,Sacks_B09,CAAGCAGAAGACGGCATACGAGATATAGTAGTGACTGGAGTTCAGACGTGTGCTCTTCCGATC*T,ATAGTA,TACTAT,GTTCTCGT,TACTAT-GTTCTCGT,14.49,NA,NA,Ldi_A_3_R1.sort.flt.bam,LowDI
ldi_B_9,LDI,B,9,SOMM515,Black74_B10_i5F,AATGATACGGCGACCACCGAGATCTACACTGACAACCACACTCTTTCCCTACACGACGCTCTTCCGATC*T,TGACAACC,Sacks_B10,CAAGCAGAAGACGGCATACGAGATATCAAAGTGACTGGAGTTCAGACGTGTGCTCTTCCGATC*T,ATCAAA,TTTGAT,GGTTGTCA,TTTGAT-GGTTGTCA,16.9082,NA,NA,ldi_B_9_R1.sort.flt.bam,LowDI
hdi_c_19,HDI,C,19,SOMM515,Black03_C01_i5F,AATGATACGGCGACCACCGAGATCTACACTACAGAGCACACTCTTTCCCTACACGACGCTCTTCCGATC*T,TACAGAGC,Sacks_C01,CAAGCAGAAGACGGCATACGAGATATTCCGGTGACTGGAGTTCAGACGTGTGCTCTTCCGATC*T,ATTCCG,CGGAAT,GCTCTGTA,CGGAAT-GCTCTGTA,18.092,NA,NA,hdi_c_19_R1.sort.flt.bam,HighDI
hdi_c_10,HDI,C,10,SOMM515,Black11_C02_i5F,AATGATACGGCGACCACCGAGATCTACACAAGCGTTCACACTCTTTCCCTACACGACGCTCTTCCGATC*T,AAGCGTTC,Sacks_C02,CAAGCAGAAGACGGCATACGAGATCAAAAAGTGACTGGAGTTCAGACGTGTGCTCTTCCGATC*T,CAAAAA,TTTTTG,GAACGCTT,TTTTTG-GAACGCTT,12.8202,NA,NA,hdi_c_10_R1.sort.flt.bam,HighDI
hdi_c_11,HDI,C,11,SOMM515,Black19_C03_i5F,AATGATACGGCGACCACCGAGATCTACACAGTGACCTACACTCTTTCCCTACACGACGCTCTTCCGATC*T,AGTGACCT,Sacks_C03,CAAGCAGAAGACGGCATACGAGATCAATCGGTGACTGGAGTTCAGACGTGTGCTCTTCCGATC*T,CAATCG,CGATTG,AGGTCACT,CGATTG-AGGTCACT,19.3189,NA,NA,hdi_c_11_R1.sort.flt.bam,HighDI
hdi_A_12,HDI,A,12,SOMM515,Black27_C04_i5F,AATGATACGGCGACCACCGAGATCTACACACCATAGGACACTCTTTCCCTACACGACGCTCTTCCGATC*T,ACCATAGG,Sacks_C04,CAAGCAGAAGACGGCATACGAGATCACCTCGTGACTGGAGTTCAGACGTGTGCTCTTCCGATC*T,CACCTC,GAGGTG,CCTATGGT,GAGGTG-CCTATGGT,13.9539,NA,NA,hdi_A_12_R1.sort.flt.bam,HighDI
hdi_A_20,HDI,A,20,SOMM515,Black35_C05_i5F,AATGATACGGCGACCACCGAGATCTACACCTCGAACAACACTCTTTCCCTACACGACGCTCTTCCGATC*T,CTCGAACA,Sacks_C05,CAAGCAGAAGACGGCATACGAGATCAGGCAGTGACTGGAGTTCAGACGTGTGCTCTTCCGATC*T,CAGGCA,TGCCTG,TGTTCGAG,TGCCTG-TGTTCGAG,22.9119,NA,NA,hdi_A_20_R1.sort.flt.bam,HighDI
hdi_B_1,HDI,B,1,SOMM515,Black43_C06_i5F,AATGATACGGCGACCACCGAGATCTACACTGCGTAACACACTCTTTCCCTACACGACGCTCTTCCGATC*T,TGCGTAAC,Sacks_C06,CAAGCAGAAGACGGCATACGAGATCATACTGTGACTGGAGTTCAGACGTGTGCTCTTCCGATC*T,CATACT,AGTATG,GTTACGCA,AGTATG-GTTACGCA,15.7353,NA,NA,hdi_B_1_R1.sort.flt.bam,HighDI
hdi_B_14,HDI,B,14,SOMM515,Black51_C07_i5F,AATGATACGGCGACCACCGAGATCTACACAACAGTCCACACTCTTTCCCTACACGACGCTCTTCCGATC*T,AACAGTCC,Sacks_C07,CAAGCAGAAGACGGCATACGAGATCCATTTGTGACTGGAGTTCAGACGTGTGCTCTTCCGATC*T,CCATTT,AAATGG,GGACTGTT,AAATGG-GGACTGTT,21.0353,NA,NA,hdi_B_14_R1.sort.flt.bam,HighDI
hdi_B_12,HDI,B,12,SOMM515,Black59_C08_i5F,AATGATACGGCGACCACCGAGATCTACACCTAAGACCACACTCTTTCCCTACACGACGCTCTTCCGATC*T,CTAAGACC,Sacks_C08,CAAGCAGAAGACGGCATACGAGATCCCGGTGTGACTGGAGTTCAGACGTGTGCTCTTCCGATC*T,CCCGGT,ACCGGG,GGTCTTAG,ACCGGG-GGTCTTAG,17.9476,NA,NA,hdi_B_12_R1.sort.flt.bam,HighDI
Ldi_A_1,LDI,A,1,SOMM515,Black67_C09_i5F,AATGATACGGCGACCACCGAGATCTACACCATCTGCTACACTCTTTCCCTACACGACGCTCTTCCGATC*T,CATCTGCT,Sacks_C09,CAAGCAGAAGACGGCATACGAGATCCCTAAGTGACTGGAGTTCAGACGTGTGCTCTTCCGATC*T,CCCTAA,TTAGGG,AGCAGATG,TTAGGG-AGCAGATG,15.5342,NA,NA,Ldi_A_1_R1.sort.flt.bam,LowDI
ldi_B_3,LDI,B,3,SOMM515,Black75_C10_i5F,AATGATACGGCGACCACCGAGATCTACACAGGTGTTGACACTCTTTCCCTACACGACGCTCTTCCGATC*T,AGGTGTTG,Sacks_C10,CAAGCAGAAGACGGCATACGAGATCCGAGGGTGACTGGAGTTCAGACGTGTGCTCTTCCGATC*T,CCGAGG,CCTCGG,CAACACCT,CCTCGG-CAACACCT,9.22438,NA,NA,ldi_B_3_R1.sort.flt.bam,LowDI
hdi_c_7,HDI,C,7,SOMM515,Black04_D01_i5F,AATGATACGGCGACCACCGAGATCTACACGTACCACAACACTCTTTCCCTACACGACGCTCTTCCGATC*T,GTACCACA,Sacks_D01,CAAGCAGAAGACGGCATACGAGATCGAGGCGTGACTGGAGTTCAGACGTGTGCTCTTCCGATC*T,CGAGGC,GCCTCG,TGTGGTAC,GCCTCG-TGTGGTAC,12.26,NA,NA,hdi_c_7_R1.sort.flt.bam,HighDI
hdi_c_17,HDI,C,17,SOMM515,Black12_D02_i5F,AATGATACGGCGACCACCGAGATCTACACGCATTGGTACACTCTTTCCCTACACGACGCTCTTCCGATC*T,GCATTGGT,Sacks_D02,CAAGCAGAAGACGGCATACGAGATCGCAGAGTGACTGGAGTTCAGACGTGTGCTCTTCCGATC*T,CGCAGA,TCTGCG,ACCAATGC,TCTGCG-ACCAATGC,10.9707,NA,NA,hdi_c_17_R1.sort.flt.bam,HighDI
hdi_c_8,HDI,C,8,SOMM515,Black20_D03_i5F,AATGATACGGCGACCACCGAGATCTACACCTGTGGTAACACTCTTTCCCTACACGACGCTCTTCCGATC*T,CTGTGGTA,Sacks_D03,CAAGCAGAAGACGGCATACGAGATCGCGTGGTGACTGGAGTTCAGACGTGTGCTCTTCCGATC*T,CGCGTG,CACGCG,TACCACAG,CACGCG-TACCACAG,11.0096,NA,NA,hdi_c_8_R1.sort.flt.bam,HighDI
hdi_B_4,HDI,B,4,SOMM515,Black44_D06_i5F,AATGATACGGCGACCACCGAGATCTACACACAACGTGACACTCTTTCCCTACACGACGCTCTTCCGATC*T,ACAACGTG,Sacks_D06,CAAGCAGAAGACGGCATACGAGATCGTGATGTGACTGGAGTTCAGACGTGTGCTCTTCCGATC*T,CGTGAT,ATCACG,CACGTTGT,ATCACG-CACGTTGT,20.6902,NA,NA,hdi_B_4_R1.sort.flt.bam,HighDI
hdi_B_13,HDI,B,13,SOMM515,Black52_D07_i5F,AATGATACGGCGACCACCGAGATCTACACCCACTAAGACACTCTTTCCCTACACGACGCTCTTCCGATC*T,CCACTAAG,Sacks_D07,CAAGCAGAAGACGGCATACGAGATCTACAGGTGACTGGAGTTCAGACGTGTGCTCTTCCGATC*T,CTACAG,CTGTAG,CTTAGTGG,CTGTAG-CTTAGTGG,5.44288,NA,NA,hdi_B_13_R1.sort.flt.bam,HighDI
hdi_B_18,HDI,B,18,SOMM515,Black60_D08_i5F,AATGATACGGCGACCACCGAGATCTACACTTAGGCGTACACTCTTTCCCTACACGACGCTCTTCCGATC*T,TTAGGCGT,Sacks_D08,CAAGCAGAAGACGGCATACGAGATCTCGCCGTGACTGGAGTTCAGACGTGTGCTCTTCCGATC*T,CTCGCC,GGCGAG,ACGCCTAA,GGCGAG-ACGCCTAA,13.6671,NA,NA,hdi_B_18_R1.sort.flt.bam,HighDI
Ldi_A_7,LDI,A,7,SOMM515,Black68_D09_i5F,AATGATACGGCGACCACCGAGATCTACACTGTCACACACACTCTTTCCCTACACGACGCTCTTCCGATC*T,TGTCACAC,Sacks_D09,CAAGCAGAAGACGGCATACGAGATCTGCGAGTGACTGGAGTTCAGACGTGTGCTCTTCCGATC*T,CTGCGA,TCGCAG,GTGTGACA,TCGCAG-GTGTGACA,7.94428,NA,NA,Ldi_A_7_R1.sort.flt.bam,LowDI
ldi_B_10,LDI,B,10,SOMM515,Black76_D10_i5F,AATGATACGGCGACCACCGAGATCTACACGACACAGTACACTCTTTCCCTACACGACGCTCTTCCGATC*T,GACACAGT,Sacks_D10,CAAGCAGAAGACGGCATACGAGATCTGGTTGTGACTGGAGTTCAGACGTGTGCTCTTCCGATC*T,CTGGTT,AACCAG,ACTGTGTC,AACCAG-ACTGTGTC,18.1407,NA,NA,ldi_B_10_R1.sort.flt.bam,LowDI
hdi_c_18,HDI,C,18,SOMM515,Black05_E01_i5F,AATGATACGGCGACCACCGAGATCTACACAGGAACACACACTCTTTCCCTACACGACGCTCTTCCGATC*T,AGGAACAC,Sacks_E01,CAAGCAGAAGACGGCATACGAGATGAAATGGTGACTGGAGTTCAGACGTGTGCTCTTCCGATC*T,GAAATG,CATTTC,GTGTTCCT,CATTTC-GTGTTCCT,19.1774,NA,NA,hdi_c_18_R1.sort.flt.bam,HighDI
hdi_c_14,HDI,C,14,SOMM515,Black13_E02_i5F,AATGATACGGCGACCACCGAGATCTACACTGGAAGCAACACTCTTTCCCTACACGACGCTCTTCCGATC*T,TGGAAGCA,Sacks_E02,CAAGCAGAAGACGGCATACGAGATGAACCAGTGACTGGAGTTCAGACGTGTGCTCTTCCGATC*T,GAACCA,TGGTTC,TGCTTCCA,TGGTTC-TGCTTCCA,15.0215,NA,NA,hdi_c_14_R1.sort.flt.bam,HighDI
hdi_A_10,HDI,A,10,SOMM515,Black21_E03_i5F,AATGATACGGCGACCACCGAGATCTACACGTCGTTACACACTCTTTCCCTACACGACGCTCTTCCGATC*T,GTCGTTAC,Sacks_E03,CAAGCAGAAGACGGCATACGAGATGACGACGTGACTGGAGTTCAGACGTGTGCTCTTCCGATC*T,GACGAC,GTCGTC,GTAACGAC,GTCGTC-GTAACGAC,14.6835,NA,NA,hdi_A_10_R1.sort.flt.bam,HighDI
hdi_A_5,HDI,A,5,SOMM515,Black29_E04_i5F,AATGATACGGCGACCACCGAGATCTACACGAACCTTCACACTCTTTCCCTACACGACGCTCTTCCGATC*T,GAACCTTC,Sacks_E04,CAAGCAGAAGACGGCATACGAGATGACTCTGTGACTGGAGTTCAGACGTGTGCTCTTCCGATC*T,GACTCT,AGAGTC,GAAGGTTC,AGAGTC-GAAGGTTC,9.8277,NA,NA,hdi_A_5_R1.sort.flt.bam,HighDI
hdi_A_15,HDI,A,15,SOMM515,Black37_E05_i5F,AATGATACGGCGACCACCGAGATCTACACTATGACCGACACTCTTTCCCTACACGACGCTCTTCCGATC*T,TATGACCG,Sacks_E05,CAAGCAGAAGACGGCATACGAGATGAGAGAGTGACTGGAGTTCAGACGTGTGCTCTTCCGATC*T,GAGAGA,TCTCTC,CGGTCATA,TCTCTC-CGGTCATA,8.32795,NA,NA,hdi_A_15_R1.sort.flt.bam,HighDI
hdi_B_3,HDI,B,3,SOMM515,Black45_E06_i5F,AATGATACGGCGACCACCGAGATCTACACAACGCACAACACTCTTTCCCTACACGACGCTCTTCCGATC*T,AACGCACA,Sacks_E06,CAAGCAGAAGACGGCATACGAGATGATCGTGTGACTGGAGTTCAGACGTGTGCTCTTCCGATC*T,GATCGT,ACGATC,TGTGCGTT,ACGATC-TGTGCGTT,30.6237,NA,NA,hdi_B_3_R1.sort.flt.bam,HighDI
hdi_B_20,HDI,B,20,SOMM515,Black53_E07_i5F,AATGATACGGCGACCACCGAGATCTACACTGTTCCGTACACTCTTTCCCTACACGACGCTCTTCCGATC*T,TGTTCCGT,Sacks_E07,CAAGCAGAAGACGGCATACGAGATGCAGATGTGACTGGAGTTCAGACGTGTGCTCTTCCGATC*T,GCAGAT,ATCTGC,ACGGAACA,ATCTGC-ACGGAACA,18.1654,NA,NA,hdi_B_20_R1.sort.flt.bam,HighDI
Ldi_A_2,LDI,A,2,SOMM515,Black61_E08_i5F,AATGATACGGCGACCACCGAGATCTACACACTCAACGACACTCTTTCCCTACACGACGCTCTTCCGATC*T,ACTCAACG,Sacks_E08,CAAGCAGAAGACGGCATACGAGATGCATGGGTGACTGGAGTTCAGACGTGTGCTCTTCCGATC*T,GCATGG,CCATGC,CGTTGAGT,CCATGC-CGTTGAGT,17.9242,NA,NA,Ldi_A_2_R1.sort.flt.bam,LowDI
Ldi_A_5,LDI,A,5,SOMM515,Black69_E09_i5F,AATGATACGGCGACCACCGAGATCTACACAACAGGTGACACTCTTTCCCTACACGACGCTCTTCCGATC*T,AACAGGTG,Sacks_E09,CAAGCAGAAGACGGCATACGAGATGCCGTAGTGACTGGAGTTCAGACGTGTGCTCTTCCGATC*T,GCCGTA,TACGGC,CACCTGTT,TACGGC-CACCTGTT,13.908,NA,NA,Ldi_A_5_R1.sort.flt.bam,LowDI
ldi_B_11,LDI,B,11,SOMM515,Black77_E10_i5F,AATGATACGGCGACCACCGAGATCTACACCCTGTCAAACACTCTTTCCCTACACGACGCTCTTCCGATC*T,CCTGTCAA,Sacks_E10,CAAGCAGAAGACGGCATACGAGATGCGACCGTGACTGGAGTTCAGACGTGTGCTCTTCCGATC*T,GCGACC,GGTCGC,TTGACAGG,GGTCGC-TTGACAGG,14.5813,NA,NA,ldi_B_11_R1.sort.flt.bam,LowDI
hdi_c_6,HDI,C,6,SOMM515,Black06_F01_i5F,AATGATACGGCGACCACCGAGATCTACACACCGAATGACACTCTTTCCCTACACGACGCTCTTCCGATC*T,ACCGAATG,Sacks_F01,CAAGCAGAAGACGGCATACGAGATGGACTTGTGACTGGAGTTCAGACGTGTGCTCTTCCGATC*T,GGACTT,AAGTCC,CATTCGGT,AAGTCC-CATTCGGT,8.08882,NA,NA,hdi_c_6_R1.sort.flt.bam,HighDI
hdi_c_20,HDI,C,20,SOMM515,Black14_F02_i5F,AATGATACGGCGACCACCGAGATCTACACACAGGCATACACTCTTTCCCTACACGACGCTCTTCCGATC*T,ACAGGCAT,Sacks_F02,CAAGCAGAAGACGGCATACGAGATGGCAAGGTGACTGGAGTTCAGACGTGTGCTCTTCCGATC*T,GGCAAG,CTTGCC,ATGCCTGT,CTTGCC-ATGCCTGT,17.5825,NA,NA,hdi_c_20_R1.sort.flt.bam,HighDI
hdi_A_2,HDI,A,2,SOMM515,Black22_F03_i5F,AATGATACGGCGACCACCGAGATCTACACTAGCCATGACACTCTTTCCCTACACGACGCTCTTCCGATC*T,TAGCCATG,Sacks_F03,CAAGCAGAAGACGGCATACGAGATGGGCGCGTGACTGGAGTTCAGACGTGTGCTCTTCCGATC*T,GGGCGC,GCGCCC,CATGGCTA,GCGCCC-CATGGCTA,35.8062,NA,NA,hdi_A_2_R1.sort.flt.bam,HighDI
hdi_A_13,HDI,A,13,SOMM515,Black30_F04_i5F,AATGATACGGCGACCACCGAGATCTACACACTTGGCTACACTCTTTCCCTACACGACGCTCTTCCGATC*T,ACTTGGCT,Sacks_F04,CAAGCAGAAGACGGCATACGAGATGGGGCGGTGACTGGAGTTCAGACGTGTGCTCTTCCGATC*T,GGGGCG,CGCCCC,AGCCAAGT,CGCCCC-AGCCAAGT,21.6506,NA,NA,hdi_A_13_R1.sort.flt.bam,HighDI
hdi_A_9,HDI,A,9,SOMM515,Black38_F05_i5F,AATGATACGGCGACCACCGAGATCTACACATACTGGCACACTCTTTCCCTACACGACGCTCTTCCGATC*T,ATACTGGC,Sacks_F05,CAAGCAGAAGACGGCATACGAGATGGTACAGTGACTGGAGTTCAGACGTGTGCTCTTCCGATC*T,GGTACA,TGTACC,GCCAGTAT,TGTACC-GCCAGTAT,19.9412,NA,NA,hdi_A_9_R1.sort.flt.bam,HighDI
hdi_B_8,HDI,B,8,SOMM515,Black46_F06_i5F,AATGATACGGCGACCACCGAGATCTACACCTGTATGCACACTCTTTCCCTACACGACGCTCTTCCGATC*T,CTGTATGC,Sacks_F06,CAAGCAGAAGACGGCATACGAGATGGTTTGGTGACTGGAGTTCAGACGTGTGCTCTTCCGATC*T,GGTTTG,CAAACC,GCATACAG,CAAACC-GCATACAG,26.1418,NA,NA,hdi_B_8_R1.sort.flt.bam,HighDI
hdi_B_17,HDI,B,17,SOMM515,Black54_F07_i5F,AATGATACGGCGACCACCGAGATCTACACTTGCAACGACACTCTTTCCCTACACGACGCTCTTCCGATC*T,TTGCAACG,Sacks_F07,CAAGCAGAAGACGGCATACGAGATGTAAGTGTGACTGGAGTTCAGACGTGTGCTCTTCCGATC*T,GTAAGT,ACTTAC,CGTTGCAA,ACTTAC-CGTTGCAA,2.05094,NA,NA,hdi_B_17_R1.sort.flt.bam,HighDI
Ldi_A_12,LDI,A,12,SOMM515,Black62_F08_i5F,AATGATACGGCGACCACCGAGATCTACACCGCCTTATACACTCTTTCCCTACACGACGCTCTTCCGATC*T,CGCCTTAT,Sacks_F08,CAAGCAGAAGACGGCATACGAGATGTATCCGTGACTGGAGTTCAGACGTGTGCTCTTCCGATC*T,GTATCC,GGATAC,ATAAGGCG,GGATAC-ATAAGGCG,20.2407,NA,NA,Ldi_A_12_R1.sort.flt.bam,LowDI
Ldi_A_10,LDI,A,10,SOMM515,Black70_F09_i5F,AATGATACGGCGACCACCGAGATCTACACCCAGTTGAACACTCTTTCCCTACACGACGCTCTTCCGATC*T,CCAGTTGA,Sacks_F09,CAAGCAGAAGACGGCATACGAGATGTCATCGTGACTGGAGTTCAGACGTGTGCTCTTCCGATC*T,GTCATC,GATGAC,TCAACTGG,GATGAC-TCAACTGG,8.20441,NA,NA,Ldi_A_10_R1.sort.flt.bam,LowDI
ldi_B_8,LDI,B,8,SOMM515,Black78_F10_i5F,AATGATACGGCGACCACCGAGATCTACACTACCTGCAACACTCTTTCCCTACACGACGCTCTTCCGATC*T,TACCTGCA,Sacks_F10,CAAGCAGAAGACGGCATACGAGATGTGCCTGTGACTGGAGTTCAGACGTGTGCTCTTCCGATC*T,GTGCCT,AGGCAC,TGCAGGTA,AGGCAC-TGCAGGTA,37.7919,NA,NA,ldi_B_8_R1.sort.flt.bam,LowDI
hdi_c_2,HDI,C,2,SOMM515,Black07_G01_i5F,AATGATACGGCGACCACCGAGATCTACACCAATGCGAACACTCTTTCCCTACACGACGCTCTTCCGATC*T,CAATGCGA,Sacks_G01,CAAGCAGAAGACGGCATACGAGATTAAGCTGTGACTGGAGTTCAGACGTGTGCTCTTCCGATC*T,TAAGCT,AGCTTA,TCGCATTG,AGCTTA-TCGCATTG,9.98588,NA,NA,hdi_c_2_R1.sort.flt.bam,HighDI
hdi_c_4,HDI,C,4,SOMM515,Black15_G02_i5F,AATGATACGGCGACCACCGAGATCTACACGATCAAGGACACTCTTTCCCTACACGACGCTCTTCCGATC*T,GATCAAGG,Sacks_G02,CAAGCAGAAGACGGCATACGAGATTAATTCGTGACTGGAGTTCAGACGTGTGCTCTTCCGATC*T,TAATTC,GAATTA,CCTTGATC,GAATTA-CCTTGATC,23.2152,NA,NA,hdi_c_4_R1.sort.flt.bam,HighDI
hdi_A_16,HDI,A,16,SOMM515,Black23_G03_i5F,AATGATACGGCGACCACCGAGATCTACACTTGGACTGACACTCTTTCCCTACACGACGCTCTTCCGATC*T,TTGGACTG,Sacks_G03,CAAGCAGAAGACGGCATACGAGATTACACAGTGACTGGAGTTCAGACGTGTGCTCTTCCGATC*T,TACACA,TGTGTA,CAGTCCAA,TGTGTA-CAGTCCAA,19.5254,NA,NA,hdi_A_16_R1.sort.flt.bam,HighDI
hdi_A_19,HDI,A,19,SOMM515,Black31_G04_i5F,AATGATACGGCGACCACCGAGATCTACACCGGATCAAACACTCTTTCCCTACACGACGCTCTTCCGATC*T,CGGATCAA,Sacks_G04,CAAGCAGAAGACGGCATACGAGATTACGGGGTGACTGGAGTTCAGACGTGTGCTCTTCCGATC*T,TACGGG,CCCGTA,TTGATCCG,CCCGTA-TTGATCCG,22.2939,NA,NA,hdi_A_19_R1.sort.flt.bam,HighDI
hdi_A_11,HDI,A,11,SOMM515,Black39_G05_i5F,AATGATACGGCGACCACCGAGATCTACACCGGAGTATACACTCTTTCCCTACACGACGCTCTTCCGATC*T,CGGAGTAT,Sacks_G05,CAAGCAGAAGACGGCATACGAGATTAGTATGTGACTGGAGTTCAGACGTGTGCTCTTCCGATC*T,TAGTAT,ATACTA,ATACTCCG,ATACTA-ATACTCCG,22.0247,NA,NA,hdi_A_11_R1.sort.flt.bam,HighDI
hdi_B_5,HDI,B,5,SOMM515,Black47_G06_i5F,AATGATACGGCGACCACCGAGATCTACACTCTAGGAGACACTCTTTCCCTACACGACGCTCTTCCGATC*T,TCTAGGAG,Sacks_G06,CAAGCAGAAGACGGCATACGAGATTATCACGTGACTGGAGTTCAGACGTGTGCTCTTCCGATC*T,TATCAC,GTGATA,CTCCTAGA,GTGATA-CTCCTAGA,13.4031,NA,NA,hdi_B_5_R1.sort.flt.bam,HighDI
hdi_B_16,HDI,B,16,SOMM515,Black55_G07_i5F,AATGATACGGCGACCACCGAGATCTACACCATACGGAACACTCTTTCCCTACACGACGCTCTTCCGATC*T,CATACGGA,Sacks_G07,CAAGCAGAAGACGGCATACGAGATTCAAAGGTGACTGGAGTTCAGACGTGTGCTCTTCCGATC*T,TCAAAG,CTTTGA,TCCGTATG,CTTTGA-TCCGTATG,14.7093,NA,NA,hdi_B_16_R1.sort.flt.bam,HighDI
Ldi_A_9,LDI,A,9,SOMM515,Black63_G08_i5F,AATGATACGGCGACCACCGAGATCTACACGCATAGTCACACTCTTTCCCTACACGACGCTCTTCCGATC*T,GCATAGTC,Sacks_G08,CAAGCAGAAGACGGCATACGAGATTCCTGCGTGACTGGAGTTCAGACGTGTGCTCTTCCGATC*T,TCCTGC,GCAGGA,GACTATGC,GCAGGA-GACTATGC,12.1288,NA,NA,Ldi_A_9_R1.sort.flt.bam,LowDI
Ldi_A_4,LDI,A,4,SOMM515,Black71_G09_i5F,AATGATACGGCGACCACCGAGATCTACACTCCTGACTACACTCTTTCCCTACACGACGCTCTTCCGATC*T,TCCTGACT,Sacks_G09,CAAGCAGAAGACGGCATACGAGATTCGATTGTGACTGGAGTTCAGACGTGTGCTCTTCCGATC*T,TCGATT,AATCGA,AGTCAGGA,AATCGA-AGTCAGGA,19.4932,NA,NA,Ldi_A_4_R1.sort.flt.bam,LowDI
ldi_B_4,LDI,B,4,SOMM515,Black79_G10_i5F,AATGATACGGCGACCACCGAGATCTACACACAGCAAGACACTCTTTCCCTACACGACGCTCTTCCGATC*T,ACAGCAAG,Sacks_G10,CAAGCAGAAGACGGCATACGAGATTCGCCAGTGACTGGAGTTCAGACGTGTGCTCTTCCGATC*T,TCGCCA,TGGCGA,CTTGCTGT,TGGCGA-CTTGCTGT,16.4593,NA,NA,ldi_B_4_R1.sort.flt.bam,LowDI
hdi_c_5,HDI,C,5,SOMM515,Black08_H01_i5F,AATGATACGGCGACCACCGAGATCTACACGTTATGGCACACTCTTTCCCTACACGACGCTCTTCCGATC*T,GTTATGGC,Sacks_H01,CAAGCAGAAGACGGCATACGAGATTCTTCTGTGACTGGAGTTCAGACGTGTGCTCTTCCGATC*T,TCTTCT,AGAAGA,GCCATAAC,AGAAGA-GCCATAAC,9.89867,NA,NA,hdi_c_5_R1.sort.flt.bam,HighDI
hdi_c_16,HDI,C,16,SOMM515,Black16_H02_i5F,AATGATACGGCGACCACCGAGATCTACACCCTATACCACACTCTTTCCCTACACGACGCTCTTCCGATC*T,CCTATACC,Sacks_H02,CAAGCAGAAGACGGCATACGAGATTGAACCGTGACTGGAGTTCAGACGTGTGCTCTTCCGATC*T,TGAACC,GGTTCA,GGTATAGG,GGTTCA-GGTATAGG,11.9955,NA,NA,hdi_c_16_R1.sort.flt.bam,HighDI
hdi_A_4,HDI,A,4,SOMM515,Black24_H03_i5F,AATGATACGGCGACCACCGAGATCTACACCAACGAGTACACTCTTTCCCTACACGACGCTCTTCCGATC*T,CAACGAGT,Sacks_H03,CAAGCAGAAGACGGCATACGAGATTGACAAGTGACTGGAGTTCAGACGTGTGCTCTTCCGATC*T,TGACAA,TTGTCA,ACTCGTTG,TTGTCA-ACTCGTTG,23.4103,NA,NA,hdi_A_4_R1.sort.flt.bam,HighDI
hdi_A_14,HDI,A,14,SOMM515,Black32_H04_i5F,AATGATACGGCGACCACCGAGATCTACACGTCCTGTTACACTCTTTCCCTACACGACGCTCTTCCGATC*T,GTCCTGTT,Sacks_H04,CAAGCAGAAGACGGCATACGAGATTGCCCGGTGACTGGAGTTCAGACGTGTGCTCTTCCGATC*T,TGCCCG,CGGGCA,AACAGGAC,CGGGCA-AACAGGAC,9.48202,NA,NA,hdi_A_14_R1.sort.flt.bam,HighDI
hdi_A_7,HDI,A,7,SOMM515,Black40_H05_i5F,AATGATACGGCGACCACCGAGATCTACACGTTGCTGTACACTCTTTCCCTACACGACGCTCTTCCGATC*T,GTTGCTGT,Sacks_H05,CAAGCAGAAGACGGCATACGAGATTGCTTAGTGACTGGAGTTCAGACGTGTGCTCTTCCGATC*T,TGCTTA,TAAGCA,ACAGCAAC,TAAGCA-ACAGCAAC,26.6429,NA,NA,hdi_A_7_R1.sort.flt.bam,HighDI
hdi_B_9,HDI,B,9,SOMM515,Black48_H06_i5F,AATGATACGGCGACCACCGAGATCTACACGGCAAGTTACACTCTTTCCCTACACGACGCTCTTCCGATC*T,GGCAAGTT,Sacks_H06,CAAGCAGAAGACGGCATACGAGATTGGGGAGTGACTGGAGTTCAGACGTGTGCTCTTCCGATC*T,TGGGGA,TCCCCA,AACTTGCC,TCCCCA-AACTTGCC,9.32285,NA,NA,hdi_B_9_R1.sort.flt.bam,HighDI
hdi_B_10,HDI,B,10,SOMM515,Black56_H07_i5F,AATGATACGGCGACCACCGAGATCTACACGGAGTCTTACACTCTTTCCCTACACGACGCTCTTCCGATC*T,GGAGTCTT,Sacks_H07,CAAGCAGAAGACGGCATACGAGATTTATGAGTGACTGGAGTTCAGACGTGTGCTCTTCCGATC*T,TTATGA,TCATAA,AAGACTCC,TCATAA-AAGACTCC,13.5489,NA,NA,hdi_B_10_R1.sort.flt.bam,HighDI
Ldi_A_8,LDI,A,8,SOMM515,Black64_H08_i5F,AATGATACGGCGACCACCGAGATCTACACGGCGAATAACACTCTTTCCCTACACGACGCTCTTCCGATC*T,GGCGAATA,Sacks_H08,CAAGCAGAAGACGGCATACGAGATTTCCGTGTGACTGGAGTTCAGACGTGTGCTCTTCCGATC*T,TTCCGT,ACGGAA,TATTCGCC,ACGGAA-TATTCGCC,10.7857,NA,NA,Ldi_A_8_R1.sort.flt.bam,LowDI
Ldi_A_11,LDI,A,11,SOMM515,Black72_H09_i5F,AATGATACGGCGACCACCGAGATCTACACCTAACCTGACACTCTTTCCCTACACGACGCTCTTCCGATC*T,CTAACCTG,Sacks_H09,CAAGCAGAAGACGGCATACGAGATTTCTAGGTGACTGGAGTTCAGACGTGTGCTCTTCCGATC*T,TTCTAG,CTAGAA,CAGGTTAG,CTAGAA-CAGGTTAG,18.7915,NA,NA,Ldi_A_11_R1.sort.flt.bam,LowDI
ldi_B_2,LDI,B,2,SOMM515,Black80_H10_i5F,AATGATACGGCGACCACCGAGATCTACACCTGAACGTACACTCTTTCCCTACACGACGCTCTTCCGATC*T,CTGAACGT,Sacks_H10,CAAGCAGAAGACGGCATACGAGATTTGAGCGTGACTGGAGTTCAGACGTGTGCTCTTCCGATC*T,TTGAGC,GCTCAA,ACGTTCAG,GCTCAA-ACGTTCAG,14.7367,NA,NA,ldi_B_2_R1.sort.flt.bam,LowDI
ldi_C_6,LDI,C,6,SOMM516,Black01_A01_i5F,AATGATACGGCGACCACCGAGATCTACACACTGCGAAACACTCTTTCCCTACACGACGCTCTTCCGATC*T,ACTGCGAA,Sacks_A01,CAAGCAGAAGACGGCATACGAGATAAACGGGTGACTGGAGTTCAGACGTGTGCTCTTCCGATC*T,AAACGG,CCGTTT,TTCGCAGT,CCGTTT-TTCGCAGT,26.3129,NA,NA,ldi_C_6_R1.sort.flt.bam,LowDI
ldi_C_21,LDI,C,21,SOMM516,Black09_A02_i5F,AATGATACGGCGACCACCGAGATCTACACTAGTCTCGACACTCTTTCCCTACACGACGCTCTTCCGATC*T,TAGTCTCG,Sacks_A02,CAAGCAGAAGACGGCATACGAGATAACGTTGTGACTGGAGTTCAGACGTGTGCTCTTCCGATC*T,AACGTT,AACGTT,CGAGACTA,AACGTT-CGAGACTA,13.9145,NA,NA,ldi_C_21_R1.sort.flt.bam,LowDI
ldi_B_6,LDI,B,6,SOMM516,Black81_A11_i5F,AATGATACGGCGACCACCGAGATCTACACAAGCCTGAACACTCTTTCCCTACACGACGCTCTTCCGATC*T,AAGCCTGA,Sacks_A11,CAAGCAGAAGACGGCATACGAGATACCATGGTGACTGGAGTTCAGACGTGTGCTCTTCCGATC*T,ACCATG,CATGGT,TCAGGCTT,CATGGT-TCAGGCTT,18.567,NA,NA,ldi_B_6_R1.sort.flt.bam,LowDI
ldi_C_12,LDI,C,12,SOMM516,Black89_A12_i5F,AATGATACGGCGACCACCGAGATCTACACAGTACACGACACTCTTTCCCTACACGACGCTCTTCCGATC*T,AGTACACG,Sacks_A12,CAAGCAGAAGACGGCATACGAGATACCCCCGTGACTGGAGTTCAGACGTGTGCTCTTCCGATC*T,ACCCCC,GGGGGT,CGTGTACT,GGGGGT-CGTGTACT,17.0692,NA,NA,ldi_C_12_R1.sort.flt.bam,LowDI
ldi_C_7,LDI,C,7,SOMM516,Black02_B01_i5F,AATGATACGGCGACCACCGAGATCTACACCGACACTTACACTCTTTCCCTACACGACGCTCTTCCGATC*T,CGACACTT,Sacks_B01,CAAGCAGAAGACGGCATACGAGATACTCTTGTGACTGGAGTTCAGACGTGTGCTCTTCCGATC*T,ACTCTT,AAGAGT,AAGTGTCG,AAGAGT-AAGTGTCG,13.8835,NA,NA,ldi_C_7_R1.sort.flt.bam,LowDI
ldi_C_5,LDI,C,5,SOMM516,Black10_B02_i5F,AATGATACGGCGACCACCGAGATCTACACCTCACCAAACACTCTTTCCCTACACGACGCTCTTCCGATC*T,CTCACCAA,Sacks_B02,CAAGCAGAAGACGGCATACGAGATACTGGCGTGACTGGAGTTCAGACGTGTGCTCTTCCGATC*T,ACTGGC,GCCAGT,TTGGTGAG,GCCAGT-TTGGTGAG,24.5224,NA,NA,ldi_C_5_R1.sort.flt.bam,LowDI
LDI_D_10,LDI,D,10,SOMM516,Black34_B05_i5F,AATGATACGGCGACCACCGAGATCTACACAATGACGCACACTCTTTCCCTACACGACGCTCTTCCGATC*T,AATGACGC,Sacks_B05,CAAGCAGAAGACGGCATACGAGATAGGGTCGTGACTGGAGTTCAGACGTGTGCTCTTCCGATC*T,AGGGTC,GACCCT,GCGTCATT,GACCCT-GCGTCATT,43.1334,NA,NA,LDI_D_10_R1.sort.flt.bam,LowDI
ldi_B_1,LDI,B,1,SOMM516,Black82_B11_i5F,AATGATACGGCGACCACCGAGATCTACACCTTAGGACACACTCTTTCCCTACACGACGCTCTTCCGATC*T,CTTAGGAC,Sacks_B11,CAAGCAGAAGACGGCATACGAGATATGCACGTGACTGGAGTTCAGACGTGTGCTCTTCCGATC*T,ATGCAC,GTGCAT,GTCCTAAG,GTGCAT-GTCCTAAG,12.9965,NA,NA,ldi_B_1_R1.sort.flt.bam,LowDI
ldi_C_15,LDI,C,15,SOMM516,Black90_B12_i5F,AATGATACGGCGACCACCGAGATCTACACCCGCTTAAACACTCTTTCCCTACACGACGCTCTTCCGATC*T,CCGCTTAA,Sacks_B12,CAAGCAGAAGACGGCATACGAGATATGTTGGTGACTGGAGTTCAGACGTGTGCTCTTCCGATC*T,ATGTTG,CAACAT,TTAAGCGG,CAACAT-TTAAGCGG,14.7758,NA,NA,ldi_C_15_R1.sort.flt.bam,LowDI
ldi_C_3,LDI,C,3,SOMM516,Black03_C01_i5F,AATGATACGGCGACCACCGAGATCTACACTACAGAGCACACTCTTTCCCTACACGACGCTCTTCCGATC*T,TACAGAGC,Sacks_C01,CAAGCAGAAGACGGCATACGAGATATTCCGGTGACTGGAGTTCAGACGTGTGCTCTTCCGATC*T,ATTCCG,CGGAAT,GCTCTGTA,CGGAAT-GCTCTGTA,16.9344,NA,NA,ldi_C_3_R1.sort.flt.bam,LowDI
ldi_C_13,LDI,C,13,SOMM516,Black11_C02_i5F,AATGATACGGCGACCACCGAGATCTACACAAGCGTTCACACTCTTTCCCTACACGACGCTCTTCCGATC*T,AAGCGTTC,Sacks_C02,CAAGCAGAAGACGGCATACGAGATCAAAAAGTGACTGGAGTTCAGACGTGTGCTCTTCCGATC*T,CAAAAA,TTTTTG,GAACGCTT,TTTTTG-GAACGCTT,17.0885,NA,NA,ldi_C_13_R1.sort.flt.bam,LowDI
ldi_B_5,LDI,B,5,SOMM516,Black83_C11_i5F,AATGATACGGCGACCACCGAGATCTACACGCCTTCTTACACTCTTTCCCTACACGACGCTCTTCCGATC*T,GCCTTCTT,Sacks_C11,CAAGCAGAAGACGGCATACGAGATCCGCATGTGACTGGAGTTCAGACGTGTGCTCTTCCGATC*T,CCGCAT,ATGCGG,AAGAAGGC,ATGCGG-AAGAAGGC,14.9866,NA,NA,ldi_B_5_R1.sort.flt.bam,LowDI
ldi_C_17,LDI,C,17,SOMM516,Black91_C12_i5F,AATGATACGGCGACCACCGAGATCTACACTGCTCTACACACTCTTTCCCTACACGACGCTCTTCCGATC*T,TGCTCTAC,Sacks_C12,CAAGCAGAAGACGGCATACGAGATCCTAACGTGACTGGAGTTCAGACGTGTGCTCTTCCGATC*T,CCTAAC,GTTAGG,GTAGAGCA,GTTAGG-GTAGAGCA,13.5678,NA,NA,ldi_C_17_R1.sort.flt.bam,LowDI
ldi_C_1,LDI,C,1,SOMM516,Black04_D01_i5F,AATGATACGGCGACCACCGAGATCTACACGTACCACAACACTCTTTCCCTACACGACGCTCTTCCGATC*T,GTACCACA,Sacks_D01,CAAGCAGAAGACGGCATACGAGATCGAGGCGTGACTGGAGTTCAGACGTGTGCTCTTCCGATC*T,CGAGGC,GCCTCG,TGTGGTAC,GCCTCG-TGTGGTAC,16.9703,NA,NA,ldi_C_1_R1.sort.flt.bam,LowDI
ldi_C_28,LDI,C,28,SOMM516,Black12_D02_i5F,AATGATACGGCGACCACCGAGATCTACACGCATTGGTACACTCTTTCCCTACACGACGCTCTTCCGATC*T,GCATTGGT,Sacks_D02,CAAGCAGAAGACGGCATACGAGATCGCAGAGTGACTGGAGTTCAGACGTGTGCTCTTCCGATC*T,CGCAGA,TCTGCG,ACCAATGC,TCTGCG-ACCAATGC,14.3826,NA,NA,ldi_C_28_R1.sort.flt.bam,LowDI
ldi_B_7,LDI,B,7,SOMM516,Black84_D11_i5F,AATGATACGGCGACCACCGAGATCTACACGTGGTATGACACTCTTTCCCTACACGACGCTCTTCCGATC*T,GTGGTATG,Sacks_D11,CAAGCAGAAGACGGCATACGAGATCTTATGGTGACTGGAGTTCAGACGTGTGCTCTTCCGATC*T,CTTATG,CATAAG,CATACCAC,CATAAG-CATACCAC,15.9573,NA,NA,ldi_B_7_R1.sort.flt.bam,LowDI
ldi_C_20,LDI,C,20,SOMM516,Black92_D12_i5F,AATGATACGGCGACCACCGAGATCTACACATGCGCTTACACTCTTTCCCTACACGACGCTCTTCCGATC*T,ATGCGCTT,Sacks_D12,CAAGCAGAAGACGGCATACGAGATCTTTGCGTGACTGGAGTTCAGACGTGTGCTCTTCCGATC*T,CTTTGC,GCAAAG,AAGCGCAT,GCAAAG-AAGCGCAT,12.8392,NA,NA,ldi_C_20_R1.sort.flt.bam,LowDI
ldi_C_25,LDI,C,25,SOMM516,Black05_E01_i5F,AATGATACGGCGACCACCGAGATCTACACAGGAACACACACTCTTTCCCTACACGACGCTCTTCCGATC*T,AGGAACAC,Sacks_E01,CAAGCAGAAGACGGCATACGAGATGAAATGGTGACTGGAGTTCAGACGTGTGCTCTTCCGATC*T,GAAATG,CATTTC,GTGTTCCT,CATTTC-GTGTTCCT,9.23877,NA,NA,ldi_C_25_R1.sort.flt.bam,LowDI
ldi_C_24,LDI,C,24,SOMM516,Black13_E02_i5F,AATGATACGGCGACCACCGAGATCTACACTGGAAGCAACACTCTTTCCCTACACGACGCTCTTCCGATC*T,TGGAAGCA,Sacks_E02,CAAGCAGAAGACGGCATACGAGATGAACCAGTGACTGGAGTTCAGACGTGTGCTCTTCCGATC*T,GAACCA,TGGTTC,TGCTTCCA,TGGTTC-TGCTTCCA,14.6767,NA,NA,ldi_C_24_R1.sort.flt.bam,LowDI
ldi_C_23,LDI,C,23,SOMM516,Black85_E11_i5F,AATGATACGGCGACCACCGAGATCTACACTGACCGTTACACTCTTTCCCTACACGACGCTCTTCCGATC*T,TGACCGTT,Sacks_E11,CAAGCAGAAGACGGCATACGAGATGCGCTGGTGACTGGAGTTCAGACGTGTGCTCTTCCGATC*T,GCGCTG,CAGCGC,AACGGTCA,CAGCGC-AACGGTCA,10.5958,NA,NA,ldi_C_23_R1.sort.flt.bam,LowDI
ldi_C_2,LDI,C,2,SOMM516,Black93_E12_i5F,AATGATACGGCGACCACCGAGATCTACACGCTAAGGAACACTCTTTCCCTACACGACGCTCTTCCGATC*T,GCTAAGGA,Sacks_E12,CAAGCAGAAGACGGCATACGAGATGCTCAAGTGACTGGAGTTCAGACGTGTGCTCTTCCGATC*T,GCTCAA,TTGAGC,TCCTTAGC,TTGAGC-TCCTTAGC,20.0858,NA,NA,ldi_C_2_R1.sort.flt.bam,LowDI
ldi_C_19,LDI,C,19,SOMM516,Black06_F01_i5F,AATGATACGGCGACCACCGAGATCTACACACCGAATGACACTCTTTCCCTACACGACGCTCTTCCGATC*T,ACCGAATG,Sacks_F01,CAAGCAGAAGACGGCATACGAGATGGACTTGTGACTGGAGTTCAGACGTGTGCTCTTCCGATC*T,GGACTT,AAGTCC,CATTCGGT,AAGTCC-CATTCGGT,15.4877,NA,NA,ldi_C_19_R1.sort.flt.bam,LowDI
ldi_C_10,LDI,C,10,SOMM516,Black14_F02_i5F,AATGATACGGCGACCACCGAGATCTACACACAGGCATACACTCTTTCCCTACACGACGCTCTTCCGATC*T,ACAGGCAT,Sacks_F02,CAAGCAGAAGACGGCATACGAGATGGCAAGGTGACTGGAGTTCAGACGTGTGCTCTTCCGATC*T,GGCAAG,CTTGCC,ATGCCTGT,CTTGCC-ATGCCTGT,16.5086,NA,NA,ldi_C_10_R1.sort.flt.bam,LowDI
ldi_C_27,LDI,C,27,SOMM516,Black86_F11_i5F,AATGATACGGCGACCACCGAGATCTACACAACAGCGAACACTCTTTCCCTACACGACGCTCTTCCGATC*T,AACAGCGA,Sacks_F11,CAAGCAGAAGACGGCATACGAGATGTGTAAGTGACTGGAGTTCAGACGTGTGCTCTTCCGATC*T,GTGTAA,TTACAC,TCGCTGTT,TTACAC-TCGCTGTT,13.3134,NA,NA,ldi_C_27_R1.sort.flt.bam,LowDI
ldi_C_11,LDI,C,11,SOMM516,Black94_F12_i5F,AATGATACGGCGACCACCGAGATCTACACATCGTGGTACACTCTTTCCCTACACGACGCTCTTCCGATC*T,ATCGTGGT,Sacks_F12,CAAGCAGAAGACGGCATACGAGATGTTGGAGTGACTGGAGTTCAGACGTGTGCTCTTCCGATC*T,GTTGGA,TCCAAC,ACCACGAT,TCCAAC-ACCACGAT,16.5938,NA,NA,ldi_C_11_R1.sort.flt.bam,LowDI
ldi_C_18,LDI,C,18,SOMM516,Black07_G01_i5F,AATGATACGGCGACCACCGAGATCTACACCAATGCGAACACTCTTTCCCTACACGACGCTCTTCCGATC*T,CAATGCGA,Sacks_G01,CAAGCAGAAGACGGCATACGAGATTAAGCTGTGACTGGAGTTCAGACGTGTGCTCTTCCGATC*T,TAAGCT,AGCTTA,TCGCATTG,AGCTTA-TCGCATTG,17.0911,NA,NA,ldi_C_18_R1.sort.flt.bam,LowDI
ldi_C_16,LDI,C,16,SOMM516,Black15_G02_i5F,AATGATACGGCGACCACCGAGATCTACACGATCAAGGACACTCTTTCCCTACACGACGCTCTTCCGATC*T,GATCAAGG,Sacks_G02,CAAGCAGAAGACGGCATACGAGATTAATTCGTGACTGGAGTTCAGACGTGTGCTCTTCCGATC*T,TAATTC,GAATTA,CCTTGATC,GAATTA-CCTTGATC,11.6466,NA,NA,ldi_C_16_R1.sort.flt.bam,LowDI
ldi_C_26,LDI,C,26,SOMM516,Black87_G11_i5F,AATGATACGGCGACCACCGAGATCTACACGAAGATCCACACTCTTTCCCTACACGACGCTCTTCCGATC*T,GAAGATCC,Sacks_G11,CAAGCAGAAGACGGCATACGAGATTCGGACGTGACTGGAGTTCAGACGTGTGCTCTTCCGATC*T,TCGGAC,GTCCGA,GGATCTTC,GTCCGA-GGATCTTC,13.1381,NA,NA,ldi_C_26_R1.sort.flt.bam,LowDI
ldi_C_22,LDI,C,22,SOMM516,Black95_G12_i5F,AATGATACGGCGACCACCGAGATCTACACGAACGAAGACACTCTTTCCCTACACGACGCTCTTCCGATC*T,GAACGAAG,Sacks_G12,CAAGCAGAAGACGGCATACGAGATTCTCGGGTGACTGGAGTTCAGACGTGTGCTCTTCCGATC*T,TCTCGG,CCGAGA,CTTCGTTC,CCGAGA-CTTCGTTC,23.2312,NA,NA,ldi_C_22_R1.sort.flt.bam,LowDI
ldi_C_4,LDI,C,4,SOMM516,Black08_H01_i5F,AATGATACGGCGACCACCGAGATCTACACGTTATGGCACACTCTTTCCCTACACGACGCTCTTCCGATC*T,GTTATGGC,Sacks_H01,CAAGCAGAAGACGGCATACGAGATTCTTCTGTGACTGGAGTTCAGACGTGTGCTCTTCCGATC*T,TCTTCT,AGAAGA,GCCATAAC,AGAAGA-GCCATAAC,10.9926,NA,NA,ldi_C_4_R1.sort.flt.bam,LowDI
ldi_C_8,LDI,C,8,SOMM516,Black16_H02_i5F,AATGATACGGCGACCACCGAGATCTACACCCTATACCACACTCTTTCCCTACACGACGCTCTTCCGATC*T,CCTATACC,Sacks_H02,CAAGCAGAAGACGGCATACGAGATTGAACCGTGACTGGAGTTCAGACGTGTGCTCTTCCGATC*T,TGAACC,GGTTCA,GGTATAGG,GGTTCA-GGTATAGG,17.7976,NA,NA,ldi_C_8_R1.sort.flt.bam,LowDI
ldi_C_9,LDI,C,9,SOMM516,Black88_H11_i5F,AATGATACGGCGACCACCGAGATCTACACTCCTGGTAACACTCTTTCCCTACACGACGCTCTTCCGATC*T,TCCTGGTA,Sacks_H11,CAAGCAGAAGACGGCATACGAGATTTTAATGTGACTGGAGTTCAGACGTGTGCTCTTCCGATC*T,TTTAAT,ATTAAA,TACCAGGA,ATTAAA-TACCAGGA,21.4343,NA,NA,ldi_C_9_R1.sort.flt.bam,LowDI
ldi_C_14,LDI,C,14,SOMM516,Black96_H12_i5F,AATGATACGGCGACCACCGAGATCTACACCTTCCTTCACACTCTTTCCCTACACGACGCTCTTCCGATC*T,CTTCCTTC,Sacks_H12,CAAGCAGAAGACGGCATACGAGATTTTGTCGTGACTGGAGTTCAGACGTGTGCTCTTCCGATC*T,TTTGTC,GACAAA,GAAGGAAG,GACAAA-GAAGGAAG,11.9014,NA,NA,ldi_C_14_R1.sort.flt.bam,LowDI
