Sample name	library number	i5 primer Name	i5 primer Sequence (8bp barcode)	i5	i7 primer name	i7 Full primer sequence (6 bp barcode)	i7	i7RevCom	i5RevCom	Barcode	Coverage	SeqFile	DI
hdi_c_1	SOMM515	Black01_A01_i5F	AATGATACGGCGACCACCGAGATCTACACACTGCGAAACACTCTTTCCCTACACGACGCTCTTCCGATC*T	ACTGCGAA	Sacks_A01	CAAGCAGAAGACGGCATACGAGATAAACGGGTGACTGGAGTTCAGACGTGTGCTCTTCCGATC*T	AAACGG	CCGTTT	TTCGCAGT	CCGTTT-TTCGCAGT	16.0717	hdi_c_1_R1.sort.flt.bam	HighDI
hdi_c_12	SOMM515	Black09_A02_i5F	AATGATACGGCGACCACCGAGATCTACACTAGTCTCGACACTCTTTCCCTACACGACGCTCTTCCGATC*T	TAGTCTCG	Sacks_A02	CAAGCAGAAGACGGCATACGAGATAACGTTGTGACTGGAGTTCAGACGTGTGCTCTTCCGATC*T	AACGTT	AACGTT	CGAGACTA	AACGTT-CGAGACTA	12.771	hdi_c_12_R1.sort.flt.bam	HighDI
hdi_c_13	SOMM515	Black17_A03_i5F	AATGATACGGCGACCACCGAGATCTACACTGAGCTGTACACTCTTTCCCTACACGACGCTCTTCCGATC*T	TGAGCTGT	Sacks_A03	CAAGCAGAAGACGGCATACGAGATAACTGAGTGACTGGAGTTCAGACGTGTGCTCTTCCGATC*T	AACTGA	TCAGTT	ACAGCTCA	TCAGTT-ACAGCTCA	34.7283	hdi_c_13_R1.sort.flt.bam	HighDI
hdi_A_1	SOMM515	Black25_A04_i5F	AATGATACGGCGACCACCGAGATCTACACAGTATGCCACACTCTTTCCCTACACGACGCTCTTCCGATC*T	AGTATGCC	Sacks_A04	CAAGCAGAAGACGGCATACGAGATAAGACGGTGACTGGAGTTCAGACGTGTGCTCTTCCGATC*T	AAGACG	CGTCTT	GGCATACT	CGTCTT-GGCATACT	33.6347	hdi_A_1_R1.sort.flt.bam	HighDI
hdi_A_18	SOMM515	Black33_A05_i5F	AATGATACGGCGACCACCGAGATCTACACTGGTGAAGACACTCTTTCCCTACACGACGCTCTTCCGATC*T	TGGTGAAG	Sacks_A05	CAAGCAGAAGACGGCATACGAGATAAGCTAGTGACTGGAGTTCAGACGTGTGCTCTTCCGATC*T	AAGCTA	TAGCTT	CTTCACCA	TAGCTT-CTTCACCA	19.1791	hdi_A_18_R1.sort.flt.bam	HighDI
hdi_B_15	SOMM515	Black41_A06_i5F	AATGATACGGCGACCACCGAGATCTACACTACTGCTCACACTCTTTCCCTACACGACGCTCTTCCGATC*T	TACTGCTC	Sacks_A06	CAAGCAGAAGACGGCATACGAGATAATATCGTGACTGGAGTTCAGACGTGTGCTCTTCCGATC*T	AATATC	GATATT	GAGCAGTA	GATATT-GAGCAGTA	11.5696	hdi_B_15_R1.sort.flt.bam	HighDI
hdi_B_6	SOMM515	Black49_A07_i5F	AATGATACGGCGACCACCGAGATCTACACACTCCTACACACTCTTTCCCTACACGACGCTCTTCCGATC*T	ACTCCTAC	Sacks_A07	CAAGCAGAAGACGGCATACGAGATAATGAGGTGACTGGAGTTCAGACGTGTGCTCTTCCGATC*T	AATGAG	CTCATT	GTAGGAGT	CTCATT-GTAGGAGT	10.9526	hdi_B_6_R1.sort.flt.bam	HighDI
hdi_B_2	SOMM515	Black57_A08_i5F	AATGATACGGCGACCACCGAGATCTACACTACTCCAGACACTCTTTCCCTACACGACGCTCTTCCGATC*T	TACTCCAG	Sacks_A08	CAAGCAGAAGACGGCATACGAGATACAAGAGTGACTGGAGTTCAGACGTGTGCTCTTCCGATC*T	ACAAGA	TCTTGT	CTGGAGTA	TCTTGT-CTGGAGTA	19.1135	hdi_B_2_R1.sort.flt.bam	HighDI
Ldi_A_6	SOMM515	Black65_A09_i5F	AATGATACGGCGACCACCGAGATCTACACTCACCTAGACACTCTTTCCCTACACGACGCTCTTCCGATC*T	TCACCTAG	Sacks_A09	CAAGCAGAAGACGGCATACGAGATACAGCGGTGACTGGAGTTCAGACGTGTGCTCTTCCGATC*T	ACAGCG	CGCTGT	CTAGGTGA	CGCTGT-CTAGGTGA	16.4965	Ldi_A_6_R1.sort.flt.bam	LowDI
ldi_B_12	SOMM515	Black73_A10_i5F	AATGATACGGCGACCACCGAGATCTACACGATCTTGCACACTCTTTCCCTACACGACGCTCTTCCGATC*T	GATCTTGC	Sacks_A10	CAAGCAGAAGACGGCATACGAGATACATACGTGACTGGAGTTCAGACGTGTGCTCTTCCGATC*T	ACATAC	GTATGT	GCAAGATC	GTATGT-GCAAGATC	14.5593	ldi_B_12_R1.sort.flt.bam	LowDI
hdi_c_9	SOMM515	Black02_B01_i5F	AATGATACGGCGACCACCGAGATCTACACCGACACTTACACTCTTTCCCTACACGACGCTCTTCCGATC*T	CGACACTT	Sacks_B01	CAAGCAGAAGACGGCATACGAGATACTCTTGTGACTGGAGTTCAGACGTGTGCTCTTCCGATC*T	ACTCTT	AAGAGT	AAGTGTCG	AAGAGT-AAGTGTCG	23.3167	hdi_c_9_R1.sort.flt.bam	HighDI
hdi_c_15	SOMM515	Black10_B02_i5F	AATGATACGGCGACCACCGAGATCTACACCTCACCAAACACTCTTTCCCTACACGACGCTCTTCCGATC*T	CTCACCAA	Sacks_B02	CAAGCAGAAGACGGCATACGAGATACTGGCGTGACTGGAGTTCAGACGTGTGCTCTTCCGATC*T	ACTGGC	GCCAGT	TTGGTGAG	GCCAGT-TTGGTGAG	14.1293	hdi_c_15_R1.sort.flt.bam	HighDI
hdi_c_3	SOMM515	Black18_B03_i5F	AATGATACGGCGACCACCGAGATCTACACAACCAGAGACACTCTTTCCCTACACGACGCTCTTCCGATC*T	AACCAGAG	Sacks_B03	CAAGCAGAAGACGGCATACGAGATAGCCATGTGACTGGAGTTCAGACGTGTGCTCTTCCGATC*T	AGCCAT	ATGGCT	CTCTGGTT	ATGGCT-CTCTGGTT	11.9314	hdi_c_3_R1.sort.flt.bam	HighDI
hdi_A_17	SOMM515	Black26_B04_i5F	AATGATACGGCGACCACCGAGATCTACACGCGTATCAACACTCTTTCCCTACACGACGCTCTTCCGATC*T	GCGTATCA	Sacks_B04	CAAGCAGAAGACGGCATACGAGATAGCGCAGTGACTGGAGTTCAGACGTGTGCTCTTCCGATC*T	AGCGCA	TGCGCT	TGATACGC	TGCGCT-TGATACGC	29.3979	hdi_A_17_R1.sort.flt.bam	HighDI
hdi_A_3	SOMM515	Black34_B05_i5F	AATGATACGGCGACCACCGAGATCTACACAATGACGCACACTCTTTCCCTACACGACGCTCTTCCGATC*T	AATGACGC	Sacks_B05	CAAGCAGAAGACGGCATACGAGATAGGGTCGTGACTGGAGTTCAGACGTGTGCTCTTCCGATC*T	AGGGTC	GACCCT	GCGTCATT	GACCCT-GCGTCATT	34.1678	hdi_A_3_R1.sort.flt.bam	HighDI
hdi_B_11	SOMM515	Black42_B06_i5F	AATGATACGGCGACCACCGAGATCTACACCCACAACAACACTCTTTCCCTACACGACGCTCTTCCGATC*T	CCACAACA	Sacks_B06	CAAGCAGAAGACGGCATACGAGATAGGTGTGTGACTGGAGTTCAGACGTGTGCTCTTCCGATC*T	AGGTGT	ACACCT	TGTTGTGG	ACACCT-TGTTGTGG	28.363	hdi_B_11_R1.sort.flt.bam	HighDI
hdi_B_7	SOMM515	Black50_B07_i5F	AATGATACGGCGACCACCGAGATCTACACGTATTCCGACACTCTTTCCCTACACGACGCTCTTCCGATC*T	GTATTCCG	Sacks_B07	CAAGCAGAAGACGGCATACGAGATAGTAGGGTGACTGGAGTTCAGACGTGTGCTCTTCCGATC*T	AGTAGG	CCTACT	CGGAATAC	CCTACT-CGGAATAC	12.0851	hdi_B_7_R1.sort.flt.bam	HighDI
hdi_B_19	SOMM515	Black58_B08_i5F	AATGATACGGCGACCACCGAGATCTACACAGGTAGGAACACTCTTTCCCTACACGACGCTCTTCCGATC*T	AGGTAGGA	Sacks_B08	CAAGCAGAAGACGGCATACGAGATAGTTAAGTGACTGGAGTTCAGACGTGTGCTCTTCCGATC*T	AGTTAA	TTAACT	TCCTACCT	TTAACT-TCCTACCT	8.57538	hdi_B_19_R1.sort.flt.bam	HighDI
Ldi_A_3	SOMM515	Black66_B09_i5F	AATGATACGGCGACCACCGAGATCTACACACGAGAACACACTCTTTCCCTACACGACGCTCTTCCGATC*T	ACGAGAAC	Sacks_B09	CAAGCAGAAGACGGCATACGAGATATAGTAGTGACTGGAGTTCAGACGTGTGCTCTTCCGATC*T	ATAGTA	TACTAT	GTTCTCGT	TACTAT-GTTCTCGT	14.49	Ldi_A_3_R1.sort.flt.bam	LowDI
ldi_B_9	SOMM515	Black74_B10_i5F	AATGATACGGCGACCACCGAGATCTACACTGACAACCACACTCTTTCCCTACACGACGCTCTTCCGATC*T	TGACAACC	Sacks_B10	CAAGCAGAAGACGGCATACGAGATATCAAAGTGACTGGAGTTCAGACGTGTGCTCTTCCGATC*T	ATCAAA	TTTGAT	GGTTGTCA	TTTGAT-GGTTGTCA	16.9082	ldi_B_9_R1.sort.flt.bam	LowDI
hdi_c_19	SOMM515	Black03_C01_i5F	AATGATACGGCGACCACCGAGATCTACACTACAGAGCACACTCTTTCCCTACACGACGCTCTTCCGATC*T	TACAGAGC	Sacks_C01	CAAGCAGAAGACGGCATACGAGATATTCCGGTGACTGGAGTTCAGACGTGTGCTCTTCCGATC*T	ATTCCG	CGGAAT	GCTCTGTA	CGGAAT-GCTCTGTA	18.092	hdi_c_19_R1.sort.flt.bam	HighDI
hdi_c_10	SOMM515	Black11_C02_i5F	AATGATACGGCGACCACCGAGATCTACACAAGCGTTCACACTCTTTCCCTACACGACGCTCTTCCGATC*T	AAGCGTTC	Sacks_C02	CAAGCAGAAGACGGCATACGAGATCAAAAAGTGACTGGAGTTCAGACGTGTGCTCTTCCGATC*T	CAAAAA	TTTTTG	GAACGCTT	TTTTTG-GAACGCTT	12.8202	hdi_c_10_R1.sort.flt.bam	HighDI
hdi_c_11	SOMM515	Black19_C03_i5F	AATGATACGGCGACCACCGAGATCTACACAGTGACCTACACTCTTTCCCTACACGACGCTCTTCCGATC*T	AGTGACCT	Sacks_C03	CAAGCAGAAGACGGCATACGAGATCAATCGGTGACTGGAGTTCAGACGTGTGCTCTTCCGATC*T	CAATCG	CGATTG	AGGTCACT	CGATTG-AGGTCACT	19.3189	hdi_c_11_R1.sort.flt.bam	HighDI
hdi_A_12	SOMM515	Black27_C04_i5F	AATGATACGGCGACCACCGAGATCTACACACCATAGGACACTCTTTCCCTACACGACGCTCTTCCGATC*T	ACCATAGG	Sacks_C04	CAAGCAGAAGACGGCATACGAGATCACCTCGTGACTGGAGTTCAGACGTGTGCTCTTCCGATC*T	CACCTC	GAGGTG	CCTATGGT	GAGGTG-CCTATGGT	13.9539	hdi_A_12_R1.sort.flt.bam	HighDI
hdi_A_20	SOMM515	Black35_C05_i5F	AATGATACGGCGACCACCGAGATCTACACCTCGAACAACACTCTTTCCCTACACGACGCTCTTCCGATC*T	CTCGAACA	Sacks_C05	CAAGCAGAAGACGGCATACGAGATCAGGCAGTGACTGGAGTTCAGACGTGTGCTCTTCCGATC*T	CAGGCA	TGCCTG	TGTTCGAG	TGCCTG-TGTTCGAG	22.9119	hdi_A_20_R1.sort.flt.bam	HighDI
hdi_B_1	SOMM515	Black43_C06_i5F	AATGATACGGCGACCACCGAGATCTACACTGCGTAACACACTCTTTCCCTACACGACGCTCTTCCGATC*T	TGCGTAAC	Sacks_C06	CAAGCAGAAGACGGCATACGAGATCATACTGTGACTGGAGTTCAGACGTGTGCTCTTCCGATC*T	CATACT	AGTATG	GTTACGCA	AGTATG-GTTACGCA	15.7353	hdi_B_1_R1.sort.flt.bam	HighDI
hdi_B_14	SOMM515	Black51_C07_i5F	AATGATACGGCGACCACCGAGATCTACACAACAGTCCACACTCTTTCCCTACACGACGCTCTTCCGATC*T	AACAGTCC	Sacks_C07	CAAGCAGAAGACGGCATACGAGATCCATTTGTGACTGGAGTTCAGACGTGTGCTCTTCCGATC*T	CCATTT	AAATGG	GGACTGTT	AAATGG-GGACTGTT	21.0353	hdi_B_14_R1.sort.flt.bam	HighDI
hdi_B_12	SOMM515	Black59_C08_i5F	AATGATACGGCGACCACCGAGATCTACACCTAAGACCACACTCTTTCCCTACACGACGCTCTTCCGATC*T	CTAAGACC	Sacks_C08	CAAGCAGAAGACGGCATACGAGATCCCGGTGTGACTGGAGTTCAGACGTGTGCTCTTCCGATC*T	CCCGGT	ACCGGG	GGTCTTAG	ACCGGG-GGTCTTAG	17.9476	hdi_B_12_R1.sort.flt.bam	HighDI
Ldi_A_1	SOMM515	Black67_C09_i5F	AATGATACGGCGACCACCGAGATCTACACCATCTGCTACACTCTTTCCCTACACGACGCTCTTCCGATC*T	CATCTGCT	Sacks_C09	CAAGCAGAAGACGGCATACGAGATCCCTAAGTGACTGGAGTTCAGACGTGTGCTCTTCCGATC*T	CCCTAA	TTAGGG	AGCAGATG	TTAGGG-AGCAGATG	15.5342	Ldi_A_1_R1.sort.flt.bam	LowDI
ldi_B_3	SOMM515	Black75_C10_i5F	AATGATACGGCGACCACCGAGATCTACACAGGTGTTGACACTCTTTCCCTACACGACGCTCTTCCGATC*T	AGGTGTTG	Sacks_C10	CAAGCAGAAGACGGCATACGAGATCCGAGGGTGACTGGAGTTCAGACGTGTGCTCTTCCGATC*T	CCGAGG	CCTCGG	CAACACCT	CCTCGG-CAACACCT	9.22438	ldi_B_3_R1.sort.flt.bam	LowDI
hdi_c_7	SOMM515	Black04_D01_i5F	AATGATACGGCGACCACCGAGATCTACACGTACCACAACACTCTTTCCCTACACGACGCTCTTCCGATC*T	GTACCACA	Sacks_D01	CAAGCAGAAGACGGCATACGAGATCGAGGCGTGACTGGAGTTCAGACGTGTGCTCTTCCGATC*T	CGAGGC	GCCTCG	TGTGGTAC	GCCTCG-TGTGGTAC	12.26	hdi_c_7_R1.sort.flt.bam	HighDI
hdi_c_17	SOMM515	Black12_D02_i5F	AATGATACGGCGACCACCGAGATCTACACGCATTGGTACACTCTTTCCCTACACGACGCTCTTCCGATC*T	GCATTGGT	Sacks_D02	CAAGCAGAAGACGGCATACGAGATCGCAGAGTGACTGGAGTTCAGACGTGTGCTCTTCCGATC*T	CGCAGA	TCTGCG	ACCAATGC	TCTGCG-ACCAATGC	10.9707	hdi_c_17_R1.sort.flt.bam	HighDI
hdi_c_8	SOMM515	Black20_D03_i5F	AATGATACGGCGACCACCGAGATCTACACCTGTGGTAACACTCTTTCCCTACACGACGCTCTTCCGATC*T	CTGTGGTA	Sacks_D03	CAAGCAGAAGACGGCATACGAGATCGCGTGGTGACTGGAGTTCAGACGTGTGCTCTTCCGATC*T	CGCGTG	CACGCG	TACCACAG	CACGCG-TACCACAG	11.0096	hdi_c_8_R1.sort.flt.bam	HighDI
hdi_B_4	SOMM515	Black44_D06_i5F	AATGATACGGCGACCACCGAGATCTACACACAACGTGACACTCTTTCCCTACACGACGCTCTTCCGATC*T	ACAACGTG	Sacks_D06	CAAGCAGAAGACGGCATACGAGATCGTGATGTGACTGGAGTTCAGACGTGTGCTCTTCCGATC*T	CGTGAT	ATCACG	CACGTTGT	ATCACG-CACGTTGT	20.6902	hdi_B_4_R1.sort.flt.bam	HighDI
hdi_B_13	SOMM515	Black52_D07_i5F	AATGATACGGCGACCACCGAGATCTACACCCACTAAGACACTCTTTCCCTACACGACGCTCTTCCGATC*T	CCACTAAG	Sacks_D07	CAAGCAGAAGACGGCATACGAGATCTACAGGTGACTGGAGTTCAGACGTGTGCTCTTCCGATC*T	CTACAG	CTGTAG	CTTAGTGG	CTGTAG-CTTAGTGG	5.44288	hdi_B_13_R1.sort.flt.bam	HighDI
hdi_B_18	SOMM515	Black60_D08_i5F	AATGATACGGCGACCACCGAGATCTACACTTAGGCGTACACTCTTTCCCTACACGACGCTCTTCCGATC*T	TTAGGCGT	Sacks_D08	CAAGCAGAAGACGGCATACGAGATCTCGCCGTGACTGGAGTTCAGACGTGTGCTCTTCCGATC*T	CTCGCC	GGCGAG	ACGCCTAA	GGCGAG-ACGCCTAA	13.6671	hdi_B_18_R1.sort.flt.bam	HighDI
Ldi_A_7	SOMM515	Black68_D09_i5F	AATGATACGGCGACCACCGAGATCTACACTGTCACACACACTCTTTCCCTACACGACGCTCTTCCGATC*T	TGTCACAC	Sacks_D09	CAAGCAGAAGACGGCATACGAGATCTGCGAGTGACTGGAGTTCAGACGTGTGCTCTTCCGATC*T	CTGCGA	TCGCAG	GTGTGACA	TCGCAG-GTGTGACA	7.94428	Ldi_A_7_R1.sort.flt.bam	LowDI
ldi_B_10	SOMM515	Black76_D10_i5F	AATGATACGGCGACCACCGAGATCTACACGACACAGTACACTCTTTCCCTACACGACGCTCTTCCGATC*T	GACACAGT	Sacks_D10	CAAGCAGAAGACGGCATACGAGATCTGGTTGTGACTGGAGTTCAGACGTGTGCTCTTCCGATC*T	CTGGTT	AACCAG	ACTGTGTC	AACCAG-ACTGTGTC	18.1407	ldi_B_10_R1.sort.flt.bam	LowDI
hdi_c_18	SOMM515	Black05_E01_i5F	AATGATACGGCGACCACCGAGATCTACACAGGAACACACACTCTTTCCCTACACGACGCTCTTCCGATC*T	AGGAACAC	Sacks_E01	CAAGCAGAAGACGGCATACGAGATGAAATGGTGACTGGAGTTCAGACGTGTGCTCTTCCGATC*T	GAAATG	CATTTC	GTGTTCCT	CATTTC-GTGTTCCT	19.1774	hdi_c_18_R1.sort.flt.bam	HighDI
hdi_c_14	SOMM515	Black13_E02_i5F	AATGATACGGCGACCACCGAGATCTACACTGGAAGCAACACTCTTTCCCTACACGACGCTCTTCCGATC*T	TGGAAGCA	Sacks_E02	CAAGCAGAAGACGGCATACGAGATGAACCAGTGACTGGAGTTCAGACGTGTGCTCTTCCGATC*T	GAACCA	TGGTTC	TGCTTCCA	TGGTTC-TGCTTCCA	15.0215	hdi_c_14_R1.sort.flt.bam	HighDI
hdi_A_10	SOMM515	Black21_E03_i5F	AATGATACGGCGACCACCGAGATCTACACGTCGTTACACACTCTTTCCCTACACGACGCTCTTCCGATC*T	GTCGTTAC	Sacks_E03	CAAGCAGAAGACGGCATACGAGATGACGACGTGACTGGAGTTCAGACGTGTGCTCTTCCGATC*T	GACGAC	GTCGTC	GTAACGAC	GTCGTC-GTAACGAC	14.6835	hdi_A_10_R1.sort.flt.bam	HighDI
hdi_A_5	SOMM515	Black29_E04_i5F	AATGATACGGCGACCACCGAGATCTACACGAACCTTCACACTCTTTCCCTACACGACGCTCTTCCGATC*T	GAACCTTC	Sacks_E04	CAAGCAGAAGACGGCATACGAGATGACTCTGTGACTGGAGTTCAGACGTGTGCTCTTCCGATC*T	GACTCT	AGAGTC	GAAGGTTC	AGAGTC-GAAGGTTC	9.8277	hdi_A_5_R1.sort.flt.bam	HighDI
hdi_A_15	SOMM515	Black37_E05_i5F	AATGATACGGCGACCACCGAGATCTACACTATGACCGACACTCTTTCCCTACACGACGCTCTTCCGATC*T	TATGACCG	Sacks_E05	CAAGCAGAAGACGGCATACGAGATGAGAGAGTGACTGGAGTTCAGACGTGTGCTCTTCCGATC*T	GAGAGA	TCTCTC	CGGTCATA	TCTCTC-CGGTCATA	8.32795	hdi_A_15_R1.sort.flt.bam	HighDI
hdi_B_3	SOMM515	Black45_E06_i5F	AATGATACGGCGACCACCGAGATCTACACAACGCACAACACTCTTTCCCTACACGACGCTCTTCCGATC*T	AACGCACA	Sacks_E06	CAAGCAGAAGACGGCATACGAGATGATCGTGTGACTGGAGTTCAGACGTGTGCTCTTCCGATC*T	GATCGT	ACGATC	TGTGCGTT	ACGATC-TGTGCGTT	30.6237	hdi_B_3_R1.sort.flt.bam	HighDI
hdi_B_20	SOMM515	Black53_E07_i5F	AATGATACGGCGACCACCGAGATCTACACTGTTCCGTACACTCTTTCCCTACACGACGCTCTTCCGATC*T	TGTTCCGT	Sacks_E07	CAAGCAGAAGACGGCATACGAGATGCAGATGTGACTGGAGTTCAGACGTGTGCTCTTCCGATC*T	GCAGAT	ATCTGC	ACGGAACA	ATCTGC-ACGGAACA	18.1654	hdi_B_20_R1.sort.flt.bam	HighDI
Ldi_A_2	SOMM515	Black61_E08_i5F	AATGATACGGCGACCACCGAGATCTACACACTCAACGACACTCTTTCCCTACACGACGCTCTTCCGATC*T	ACTCAACG	Sacks_E08	CAAGCAGAAGACGGCATACGAGATGCATGGGTGACTGGAGTTCAGACGTGTGCTCTTCCGATC*T	GCATGG	CCATGC	CGTTGAGT	CCATGC-CGTTGAGT	17.9242	Ldi_A_2_R1.sort.flt.bam	LowDI
Ldi_A_5	SOMM515	Black69_E09_i5F	AATGATACGGCGACCACCGAGATCTACACAACAGGTGACACTCTTTCCCTACACGACGCTCTTCCGATC*T	AACAGGTG	Sacks_E09	CAAGCAGAAGACGGCATACGAGATGCCGTAGTGACTGGAGTTCAGACGTGTGCTCTTCCGATC*T	GCCGTA	TACGGC	CACCTGTT	TACGGC-CACCTGTT	13.908	Ldi_A_5_R1.sort.flt.bam	LowDI
ldi_B_11	SOMM515	Black77_E10_i5F	AATGATACGGCGACCACCGAGATCTACACCCTGTCAAACACTCTTTCCCTACACGACGCTCTTCCGATC*T	CCTGTCAA	Sacks_E10	CAAGCAGAAGACGGCATACGAGATGCGACCGTGACTGGAGTTCAGACGTGTGCTCTTCCGATC*T	GCGACC	GGTCGC	TTGACAGG	GGTCGC-TTGACAGG	14.5813	ldi_B_11_R1.sort.flt.bam	LowDI
hdi_c_6	SOMM515	Black06_F01_i5F	AATGATACGGCGACCACCGAGATCTACACACCGAATGACACTCTTTCCCTACACGACGCTCTTCCGATC*T	ACCGAATG	Sacks_F01	CAAGCAGAAGACGGCATACGAGATGGACTTGTGACTGGAGTTCAGACGTGTGCTCTTCCGATC*T	GGACTT	AAGTCC	CATTCGGT	AAGTCC-CATTCGGT	8.08882	hdi_c_6_R1.sort.flt.bam	HighDI
hdi_c_20	SOMM515	Black14_F02_i5F	AATGATACGGCGACCACCGAGATCTACACACAGGCATACACTCTTTCCCTACACGACGCTCTTCCGATC*T	ACAGGCAT	Sacks_F02	CAAGCAGAAGACGGCATACGAGATGGCAAGGTGACTGGAGTTCAGACGTGTGCTCTTCCGATC*T	GGCAAG	CTTGCC	ATGCCTGT	CTTGCC-ATGCCTGT	17.5825	hdi_c_20_R1.sort.flt.bam	HighDI
hdi_A_2	SOMM515	Black22_F03_i5F	AATGATACGGCGACCACCGAGATCTACACTAGCCATGACACTCTTTCCCTACACGACGCTCTTCCGATC*T	TAGCCATG	Sacks_F03	CAAGCAGAAGACGGCATACGAGATGGGCGCGTGACTGGAGTTCAGACGTGTGCTCTTCCGATC*T	GGGCGC	GCGCCC	CATGGCTA	GCGCCC-CATGGCTA	35.8062	hdi_A_2_R1.sort.flt.bam	HighDI
hdi_A_13	SOMM515	Black30_F04_i5F	AATGATACGGCGACCACCGAGATCTACACACTTGGCTACACTCTTTCCCTACACGACGCTCTTCCGATC*T	ACTTGGCT	Sacks_F04	CAAGCAGAAGACGGCATACGAGATGGGGCGGTGACTGGAGTTCAGACGTGTGCTCTTCCGATC*T	GGGGCG	CGCCCC	AGCCAAGT	CGCCCC-AGCCAAGT	21.6506	hdi_A_13_R1.sort.flt.bam	HighDI
hdi_A_9	SOMM515	Black38_F05_i5F	AATGATACGGCGACCACCGAGATCTACACATACTGGCACACTCTTTCCCTACACGACGCTCTTCCGATC*T	ATACTGGC	Sacks_F05	CAAGCAGAAGACGGCATACGAGATGGTACAGTGACTGGAGTTCAGACGTGTGCTCTTCCGATC*T	GGTACA	TGTACC	GCCAGTAT	TGTACC-GCCAGTAT	19.9412	hdi_A_9_R1.sort.flt.bam	HighDI
hdi_B_8	SOMM515	Black46_F06_i5F	AATGATACGGCGACCACCGAGATCTACACCTGTATGCACACTCTTTCCCTACACGACGCTCTTCCGATC*T	CTGTATGC	Sacks_F06	CAAGCAGAAGACGGCATACGAGATGGTTTGGTGACTGGAGTTCAGACGTGTGCTCTTCCGATC*T	GGTTTG	CAAACC	GCATACAG	CAAACC-GCATACAG	26.1418	hdi_B_8_R1.sort.flt.bam	HighDI
hdi_B_17	SOMM515	Black54_F07_i5F	AATGATACGGCGACCACCGAGATCTACACTTGCAACGACACTCTTTCCCTACACGACGCTCTTCCGATC*T	TTGCAACG	Sacks_F07	CAAGCAGAAGACGGCATACGAGATGTAAGTGTGACTGGAGTTCAGACGTGTGCTCTTCCGATC*T	GTAAGT	ACTTAC	CGTTGCAA	ACTTAC-CGTTGCAA	2.05094	hdi_B_17_R1.sort.flt.bam	HighDI
Ldi_A_12	SOMM515	Black62_F08_i5F	AATGATACGGCGACCACCGAGATCTACACCGCCTTATACACTCTTTCCCTACACGACGCTCTTCCGATC*T	CGCCTTAT	Sacks_F08	CAAGCAGAAGACGGCATACGAGATGTATCCGTGACTGGAGTTCAGACGTGTGCTCTTCCGATC*T	GTATCC	GGATAC	ATAAGGCG	GGATAC-ATAAGGCG	20.2407	Ldi_A_12_R1.sort.flt.bam	LowDI
Ldi_A_10	SOMM515	Black70_F09_i5F	AATGATACGGCGACCACCGAGATCTACACCCAGTTGAACACTCTTTCCCTACACGACGCTCTTCCGATC*T	CCAGTTGA	Sacks_F09	CAAGCAGAAGACGGCATACGAGATGTCATCGTGACTGGAGTTCAGACGTGTGCTCTTCCGATC*T	GTCATC	GATGAC	TCAACTGG	GATGAC-TCAACTGG	8.20441	Ldi_A_10_R1.sort.flt.bam	LowDI
ldi_B_8	SOMM515	Black78_F10_i5F	AATGATACGGCGACCACCGAGATCTACACTACCTGCAACACTCTTTCCCTACACGACGCTCTTCCGATC*T	TACCTGCA	Sacks_F10	CAAGCAGAAGACGGCATACGAGATGTGCCTGTGACTGGAGTTCAGACGTGTGCTCTTCCGATC*T	GTGCCT	AGGCAC	TGCAGGTA	AGGCAC-TGCAGGTA	37.7919	ldi_B_8_R1.sort.flt.bam	LowDI
hdi_c_2	SOMM515	Black07_G01_i5F	AATGATACGGCGACCACCGAGATCTACACCAATGCGAACACTCTTTCCCTACACGACGCTCTTCCGATC*T	CAATGCGA	Sacks_G01	CAAGCAGAAGACGGCATACGAGATTAAGCTGTGACTGGAGTTCAGACGTGTGCTCTTCCGATC*T	TAAGCT	AGCTTA	TCGCATTG	AGCTTA-TCGCATTG	9.98588	hdi_c_2_R1.sort.flt.bam	HighDI
hdi_c_4	SOMM515	Black15_G02_i5F	AATGATACGGCGACCACCGAGATCTACACGATCAAGGACACTCTTTCCCTACACGACGCTCTTCCGATC*T	GATCAAGG	Sacks_G02	CAAGCAGAAGACGGCATACGAGATTAATTCGTGACTGGAGTTCAGACGTGTGCTCTTCCGATC*T	TAATTC	GAATTA	CCTTGATC	GAATTA-CCTTGATC	23.2152	hdi_c_4_R1.sort.flt.bam	HighDI
hdi_A_16	SOMM515	Black23_G03_i5F	AATGATACGGCGACCACCGAGATCTACACTTGGACTGACACTCTTTCCCTACACGACGCTCTTCCGATC*T	TTGGACTG	Sacks_G03	CAAGCAGAAGACGGCATACGAGATTACACAGTGACTGGAGTTCAGACGTGTGCTCTTCCGATC*T	TACACA	TGTGTA	CAGTCCAA	TGTGTA-CAGTCCAA	19.5254	hdi_A_16_R1.sort.flt.bam	HighDI
hdi_A_19	SOMM515	Black31_G04_i5F	AATGATACGGCGACCACCGAGATCTACACCGGATCAAACACTCTTTCCCTACACGACGCTCTTCCGATC*T	CGGATCAA	Sacks_G04	CAAGCAGAAGACGGCATACGAGATTACGGGGTGACTGGAGTTCAGACGTGTGCTCTTCCGATC*T	TACGGG	CCCGTA	TTGATCCG	CCCGTA-TTGATCCG	22.2939	hdi_A_19_R1.sort.flt.bam	HighDI
hdi_A_11	SOMM515	Black39_G05_i5F	AATGATACGGCGACCACCGAGATCTACACCGGAGTATACACTCTTTCCCTACACGACGCTCTTCCGATC*T	CGGAGTAT	Sacks_G05	CAAGCAGAAGACGGCATACGAGATTAGTATGTGACTGGAGTTCAGACGTGTGCTCTTCCGATC*T	TAGTAT	ATACTA	ATACTCCG	ATACTA-ATACTCCG	22.0247	hdi_A_11_R1.sort.flt.bam	HighDI
hdi_B_5	SOMM515	Black47_G06_i5F	AATGATACGGCGACCACCGAGATCTACACTCTAGGAGACACTCTTTCCCTACACGACGCTCTTCCGATC*T	TCTAGGAG	Sacks_G06	CAAGCAGAAGACGGCATACGAGATTATCACGTGACTGGAGTTCAGACGTGTGCTCTTCCGATC*T	TATCAC	GTGATA	CTCCTAGA	GTGATA-CTCCTAGA	13.4031	hdi_B_5_R1.sort.flt.bam	HighDI
hdi_B_16	SOMM515	Black55_G07_i5F	AATGATACGGCGACCACCGAGATCTACACCATACGGAACACTCTTTCCCTACACGACGCTCTTCCGATC*T	CATACGGA	Sacks_G07	CAAGCAGAAGACGGCATACGAGATTCAAAGGTGACTGGAGTTCAGACGTGTGCTCTTCCGATC*T	TCAAAG	CTTTGA	TCCGTATG	CTTTGA-TCCGTATG	14.7093	hdi_B_16_R1.sort.flt.bam	HighDI
Ldi_A_9	SOMM515	Black63_G08_i5F	AATGATACGGCGACCACCGAGATCTACACGCATAGTCACACTCTTTCCCTACACGACGCTCTTCCGATC*T	GCATAGTC	Sacks_G08	CAAGCAGAAGACGGCATACGAGATTCCTGCGTGACTGGAGTTCAGACGTGTGCTCTTCCGATC*T	TCCTGC	GCAGGA	GACTATGC	GCAGGA-GACTATGC	12.1288	Ldi_A_9_R1.sort.flt.bam	LowDI
Ldi_A_4	SOMM515	Black71_G09_i5F	AATGATACGGCGACCACCGAGATCTACACTCCTGACTACACTCTTTCCCTACACGACGCTCTTCCGATC*T	TCCTGACT	Sacks_G09	CAAGCAGAAGACGGCATACGAGATTCGATTGTGACTGGAGTTCAGACGTGTGCTCTTCCGATC*T	TCGATT	AATCGA	AGTCAGGA	AATCGA-AGTCAGGA	19.4932	Ldi_A_4_R1.sort.flt.bam	LowDI
ldi_B_4	SOMM515	Black79_G10_i5F	AATGATACGGCGACCACCGAGATCTACACACAGCAAGACACTCTTTCCCTACACGACGCTCTTCCGATC*T	ACAGCAAG	Sacks_G10	CAAGCAGAAGACGGCATACGAGATTCGCCAGTGACTGGAGTTCAGACGTGTGCTCTTCCGATC*T	TCGCCA	TGGCGA	CTTGCTGT	TGGCGA-CTTGCTGT	16.4593	ldi_B_4_R1.sort.flt.bam	LowDI
hdi_c_5	SOMM515	Black08_H01_i5F	AATGATACGGCGACCACCGAGATCTACACGTTATGGCACACTCTTTCCCTACACGACGCTCTTCCGATC*T	GTTATGGC	Sacks_H01	CAAGCAGAAGACGGCATACGAGATTCTTCTGTGACTGGAGTTCAGACGTGTGCTCTTCCGATC*T	TCTTCT	AGAAGA	GCCATAAC	AGAAGA-GCCATAAC	9.89867	hdi_c_5_R1.sort.flt.bam	HighDI
hdi_c_16	SOMM515	Black16_H02_i5F	AATGATACGGCGACCACCGAGATCTACACCCTATACCACACTCTTTCCCTACACGACGCTCTTCCGATC*T	CCTATACC	Sacks_H02	CAAGCAGAAGACGGCATACGAGATTGAACCGTGACTGGAGTTCAGACGTGTGCTCTTCCGATC*T	TGAACC	GGTTCA	GGTATAGG	GGTTCA-GGTATAGG	11.9955	hdi_c_16_R1.sort.flt.bam	HighDI
hdi_A_4	SOMM515	Black24_H03_i5F	AATGATACGGCGACCACCGAGATCTACACCAACGAGTACACTCTTTCCCTACACGACGCTCTTCCGATC*T	CAACGAGT	Sacks_H03	CAAGCAGAAGACGGCATACGAGATTGACAAGTGACTGGAGTTCAGACGTGTGCTCTTCCGATC*T	TGACAA	TTGTCA	ACTCGTTG	TTGTCA-ACTCGTTG	23.4103	hdi_A_4_R1.sort.flt.bam	HighDI
hdi_A_14	SOMM515	Black32_H04_i5F	AATGATACGGCGACCACCGAGATCTACACGTCCTGTTACACTCTTTCCCTACACGACGCTCTTCCGATC*T	GTCCTGTT	Sacks_H04	CAAGCAGAAGACGGCATACGAGATTGCCCGGTGACTGGAGTTCAGACGTGTGCTCTTCCGATC*T	TGCCCG	CGGGCA	AACAGGAC	CGGGCA-AACAGGAC	9.48202	hdi_A_14_R1.sort.flt.bam	HighDI
hdi_A_7	SOMM515	Black40_H05_i5F	AATGATACGGCGACCACCGAGATCTACACGTTGCTGTACACTCTTTCCCTACACGACGCTCTTCCGATC*T	GTTGCTGT	Sacks_H05	CAAGCAGAAGACGGCATACGAGATTGCTTAGTGACTGGAGTTCAGACGTGTGCTCTTCCGATC*T	TGCTTA	TAAGCA	ACAGCAAC	TAAGCA-ACAGCAAC	26.6429	hdi_A_7_R1.sort.flt.bam	HighDI
hdi_B_9	SOMM515	Black48_H06_i5F	AATGATACGGCGACCACCGAGATCTACACGGCAAGTTACACTCTTTCCCTACACGACGCTCTTCCGATC*T	GGCAAGTT	Sacks_H06	CAAGCAGAAGACGGCATACGAGATTGGGGAGTGACTGGAGTTCAGACGTGTGCTCTTCCGATC*T	TGGGGA	TCCCCA	AACTTGCC	TCCCCA-AACTTGCC	9.32285	hdi_B_9_R1.sort.flt.bam	HighDI
hdi_B_10	SOMM515	Black56_H07_i5F	AATGATACGGCGACCACCGAGATCTACACGGAGTCTTACACTCTTTCCCTACACGACGCTCTTCCGATC*T	GGAGTCTT	Sacks_H07	CAAGCAGAAGACGGCATACGAGATTTATGAGTGACTGGAGTTCAGACGTGTGCTCTTCCGATC*T	TTATGA	TCATAA	AAGACTCC	TCATAA-AAGACTCC	13.5489	hdi_B_10_R1.sort.flt.bam	HighDI
Ldi_A_8	SOMM515	Black64_H08_i5F	AATGATACGGCGACCACCGAGATCTACACGGCGAATAACACTCTTTCCCTACACGACGCTCTTCCGATC*T	GGCGAATA	Sacks_H08	CAAGCAGAAGACGGCATACGAGATTTCCGTGTGACTGGAGTTCAGACGTGTGCTCTTCCGATC*T	TTCCGT	ACGGAA	TATTCGCC	ACGGAA-TATTCGCC	10.7857	Ldi_A_8_R1.sort.flt.bam	LowDI
Ldi_A_11	SOMM515	Black72_H09_i5F	AATGATACGGCGACCACCGAGATCTACACCTAACCTGACACTCTTTCCCTACACGACGCTCTTCCGATC*T	CTAACCTG	Sacks_H09	CAAGCAGAAGACGGCATACGAGATTTCTAGGTGACTGGAGTTCAGACGTGTGCTCTTCCGATC*T	TTCTAG	CTAGAA	CAGGTTAG	CTAGAA-CAGGTTAG	18.7915	Ldi_A_11_R1.sort.flt.bam	LowDI
ldi_B_2	SOMM515	Black80_H10_i5F	AATGATACGGCGACCACCGAGATCTACACCTGAACGTACACTCTTTCCCTACACGACGCTCTTCCGATC*T	CTGAACGT	Sacks_H10	CAAGCAGAAGACGGCATACGAGATTTGAGCGTGACTGGAGTTCAGACGTGTGCTCTTCCGATC*T	TTGAGC	GCTCAA	ACGTTCAG	GCTCAA-ACGTTCAG	14.7367	ldi_B_2_R1.sort.flt.bam	LowDI
ldi_C_6	SOMM516	Black01_A01_i5F	AATGATACGGCGACCACCGAGATCTACACACTGCGAAACACTCTTTCCCTACACGACGCTCTTCCGATC*T	ACTGCGAA	Sacks_A01	CAAGCAGAAGACGGCATACGAGATAAACGGGTGACTGGAGTTCAGACGTGTGCTCTTCCGATC*T	AAACGG	CCGTTT	TTCGCAGT	CCGTTT-TTCGCAGT	26.3129	ldi_C_6_R1.sort.flt.bam	LowDI
ldi_C_21	SOMM516	Black09_A02_i5F	AATGATACGGCGACCACCGAGATCTACACTAGTCTCGACACTCTTTCCCTACACGACGCTCTTCCGATC*T	TAGTCTCG	Sacks_A02	CAAGCAGAAGACGGCATACGAGATAACGTTGTGACTGGAGTTCAGACGTGTGCTCTTCCGATC*T	AACGTT	AACGTT	CGAGACTA	AACGTT-CGAGACTA	13.9145	ldi_C_21_R1.sort.flt.bam	LowDI
LDI_D_03	SOMM516	Black17_A03_i5F	AATGATACGGCGACCACCGAGATCTACACTGAGCTGTACACTCTTTCCCTACACGACGCTCTTCCGATC*T	TGAGCTGT	Sacks_A03	CAAGCAGAAGACGGCATACGAGATAACTGAGTGACTGGAGTTCAGACGTGTGCTCTTCCGATC*T	AACTGA	TCAGTT	ACAGCTCA	TCAGTT-ACAGCTCA	13.5678	LDI_D_03_R1.sort.flt.bam	LowDI
LDI_D_01	SOMM516	Black25_A04_i5F	AATGATACGGCGACCACCGAGATCTACACAGTATGCCACACTCTTTCCCTACACGACGCTCTTCCGATC*T	AGTATGCC	Sacks_A04	CAAGCAGAAGACGGCATACGAGATAAGACGGTGACTGGAGTTCAGACGTGTGCTCTTCCGATC*T	AAGACG	CGTCTT	GGCATACT	CGTCTT-GGCATACT	29.8092	LDI_D_01_R1.sort.flt.bam	LowDI
HDI_C_03	SOMM516	Black33_A05_i5F	AATGATACGGCGACCACCGAGATCTACACTGGTGAAGACACTCTTTCCCTACACGACGCTCTTCCGATC*T	TGGTGAAG	Sacks_A05	CAAGCAGAAGACGGCATACGAGATAAGCTAGTGACTGGAGTTCAGACGTGTGCTCTTCCGATC*T	AAGCTA	TAGCTT	CTTCACCA	TAGCTT-CTTCACCA	30.4107	HDI_C_03_R1.sort.flt.bam	HighDI
121922	SOMM516	Black41_A06_i5F	AATGATACGGCGACCACCGAGATCTACACTACTGCTCACACTCTTTCCCTACACGACGCTCTTCCGATC*T	TACTGCTC	Sacks_A06	CAAGCAGAAGACGGCATACGAGATAATATCGTGACTGGAGTTCAGACGTGTGCTCTTCCGATC*T	AATATC	GATATT	GAGCAGTA	GATATT-GAGCAGTA	21.0966	121922_R1.sort.flt.bam	Epi
401432	SOMM516	Black65_A09_i5F	AATGATACGGCGACCACCGAGATCTACACTCACCTAGACACTCTTTCCCTACACGACGCTCTTCCGATC*T	TCACCTAG	Sacks_A09	CAAGCAGAAGACGGCATACGAGATACAGCGGTGACTGGAGTTCAGACGTGTGCTCTTCCGATC*T	ACAGCG	CGCTGT	CTAGGTGA	CGCTGT-CTAGGTGA	18.9088	401432_R1.sort.flt.bam	Epi
402282	SOMM516	Black73_A10_i5F	AATGATACGGCGACCACCGAGATCTACACGATCTTGCACACTCTTTCCCTACACGACGCTCTTCCGATC*T	GATCTTGC	Sacks_A10	CAAGCAGAAGACGGCATACGAGATACATACGTGACTGGAGTTCAGACGTGTGCTCTTCCGATC*T	ACATAC	GTATGT	GCAAGATC	GTATGT-GCAAGATC	20.2006	402282_R1.sort.flt.bam	Epi
ldi_B_6	SOMM516	Black81_A11_i5F	AATGATACGGCGACCACCGAGATCTACACAAGCCTGAACACTCTTTCCCTACACGACGCTCTTCCGATC*T	AAGCCTGA	Sacks_A11	CAAGCAGAAGACGGCATACGAGATACCATGGTGACTGGAGTTCAGACGTGTGCTCTTCCGATC*T	ACCATG	CATGGT	TCAGGCTT	CATGGT-TCAGGCTT	18.567	ldi_B_6_R1.sort.flt.bam	LowDI
ldi_C_12	SOMM516	Black89_A12_i5F	AATGATACGGCGACCACCGAGATCTACACAGTACACGACACTCTTTCCCTACACGACGCTCTTCCGATC*T	AGTACACG	Sacks_A12	CAAGCAGAAGACGGCATACGAGATACCCCCGTGACTGGAGTTCAGACGTGTGCTCTTCCGATC*T	ACCCCC	GGGGGT	CGTGTACT	GGGGGT-CGTGTACT	17.0692	ldi_C_12_R1.sort.flt.bam	LowDI
ldi_C_7	SOMM516	Black02_B01_i5F	AATGATACGGCGACCACCGAGATCTACACCGACACTTACACTCTTTCCCTACACGACGCTCTTCCGATC*T	CGACACTT	Sacks_B01	CAAGCAGAAGACGGCATACGAGATACTCTTGTGACTGGAGTTCAGACGTGTGCTCTTCCGATC*T	ACTCTT	AAGAGT	AAGTGTCG	AAGAGT-AAGTGTCG	13.8835	ldi_C_7_R1.sort.flt.bam	LowDI
ldi_C_5	SOMM516	Black10_B02_i5F	AATGATACGGCGACCACCGAGATCTACACCTCACCAAACACTCTTTCCCTACACGACGCTCTTCCGATC*T	CTCACCAA	Sacks_B02	CAAGCAGAAGACGGCATACGAGATACTGGCGTGACTGGAGTTCAGACGTGTGCTCTTCCGATC*T	ACTGGC	GCCAGT	TTGGTGAG	GCCAGT-TTGGTGAG	24.5224	ldi_C_5_R1.sort.flt.bam	LowDI
HDI_C_01	SOMM516	Black26_B04_i5F	AATGATACGGCGACCACCGAGATCTACACGCGTATCAACACTCTTTCCCTACACGACGCTCTTCCGATC*T	GCGTATCA	Sacks_B04	CAAGCAGAAGACGGCATACGAGATAGCGCAGTGACTGGAGTTCAGACGTGTGCTCTTCCGATC*T	AGCGCA	TGCGCT	TGATACGC	TGCGCT-TGATACGC	20.2875	HDI_C_01_R1.sort.flt.bam	HighDI
LDI_D_10	SOMM516	Black34_B05_i5F	AATGATACGGCGACCACCGAGATCTACACAATGACGCACACTCTTTCCCTACACGACGCTCTTCCGATC*T	AATGACGC	Sacks_B05	CAAGCAGAAGACGGCATACGAGATAGGGTCGTGACTGGAGTTCAGACGTGTGCTCTTCCGATC*T	AGGGTC	GACCCT	GCGTCATT	GACCCT-GCGTCATT	43.1334	LDI_D_10_R1.sort.flt.bam	LowDI
130051	SOMM516	Black42_B06_i5F	AATGATACGGCGACCACCGAGATCTACACCCACAACAACACTCTTTCCCTACACGACGCTCTTCCGATC*T	CCACAACA	Sacks_B06	CAAGCAGAAGACGGCATACGAGATAGGTGTGTGACTGGAGTTCAGACGTGTGCTCTTCCGATC*T	AGGTGT	ACACCT	TGTTGTGG	ACACCT-TGTTGTGG	37.8949	130051_R1.sort.flt.bam	Epi
501861	SOMM516	Black66_B09_i5F	AATGATACGGCGACCACCGAGATCTACACACGAGAACACACTCTTTCCCTACACGACGCTCTTCCGATC*T	ACGAGAAC	Sacks_B09	CAAGCAGAAGACGGCATACGAGATATAGTAGTGACTGGAGTTCAGACGTGTGCTCTTCCGATC*T	ATAGTA	TACTAT	GTTCTCGT	TACTAT-GTTCTCGT	10.0862	501861_R1.sort.flt.bam	Epi
500742	SOMM516	Black74_B10_i5F	AATGATACGGCGACCACCGAGATCTACACTGACAACCACACTCTTTCCCTACACGACGCTCTTCCGATC*T	TGACAACC	Sacks_B10	CAAGCAGAAGACGGCATACGAGATATCAAAGTGACTGGAGTTCAGACGTGTGCTCTTCCGATC*T	ATCAAA	TTTGAT	GGTTGTCA	TTTGAT-GGTTGTCA	12.0903	500742_R1.sort.flt.bam	Epi
ldi_B_1	SOMM516	Black82_B11_i5F	AATGATACGGCGACCACCGAGATCTACACCTTAGGACACACTCTTTCCCTACACGACGCTCTTCCGATC*T	CTTAGGAC	Sacks_B11	CAAGCAGAAGACGGCATACGAGATATGCACGTGACTGGAGTTCAGACGTGTGCTCTTCCGATC*T	ATGCAC	GTGCAT	GTCCTAAG	GTGCAT-GTCCTAAG	12.9965	ldi_B_1_R1.sort.flt.bam	LowDI
ldi_C_15	SOMM516	Black90_B12_i5F	AATGATACGGCGACCACCGAGATCTACACCCGCTTAAACACTCTTTCCCTACACGACGCTCTTCCGATC*T	CCGCTTAA	Sacks_B12	CAAGCAGAAGACGGCATACGAGATATGTTGGTGACTGGAGTTCAGACGTGTGCTCTTCCGATC*T	ATGTTG	CAACAT	TTAAGCGG	CAACAT-TTAAGCGG	14.7758	ldi_C_15_R1.sort.flt.bam	LowDI
ldi_C_3	SOMM516	Black03_C01_i5F	AATGATACGGCGACCACCGAGATCTACACTACAGAGCACACTCTTTCCCTACACGACGCTCTTCCGATC*T	TACAGAGC	Sacks_C01	CAAGCAGAAGACGGCATACGAGATATTCCGGTGACTGGAGTTCAGACGTGTGCTCTTCCGATC*T	ATTCCG	CGGAAT	GCTCTGTA	CGGAAT-GCTCTGTA	16.9344	ldi_C_3_R1.sort.flt.bam	LowDI
ldi_C_13	SOMM516	Black11_C02_i5F	AATGATACGGCGACCACCGAGATCTACACAAGCGTTCACACTCTTTCCCTACACGACGCTCTTCCGATC*T	AAGCGTTC	Sacks_C02	CAAGCAGAAGACGGCATACGAGATCAAAAAGTGACTGGAGTTCAGACGTGTGCTCTTCCGATC*T	CAAAAA	TTTTTG	GAACGCTT	TTTTTG-GAACGCTT	17.0885	ldi_C_13_R1.sort.flt.bam	LowDI
HDI_C_04	SOMM516	Black19_C03_i5F	AATGATACGGCGACCACCGAGATCTACACAGTGACCTACACTCTTTCCCTACACGACGCTCTTCCGATC*T	AGTGACCT	Sacks_C03	CAAGCAGAAGACGGCATACGAGATCAATCGGTGACTGGAGTTCAGACGTGTGCTCTTCCGATC*T	CAATCG	CGATTG	AGGTCACT	CGATTG-AGGTCACT	18.7225	HDI_C_04_R1.sort.flt.bam	HighDI
HDI_C_02	SOMM516	Black27_C04_i5F	AATGATACGGCGACCACCGAGATCTACACACCATAGGACACTCTTTCCCTACACGACGCTCTTCCGATC*T	ACCATAGG	Sacks_C04	CAAGCAGAAGACGGCATACGAGATCACCTCGTGACTGGAGTTCAGACGTGTGCTCTTCCGATC*T	CACCTC	GAGGTG	CCTATGGT	GAGGTG-CCTATGGT	13.4121	HDI_C_02_R1.sort.flt.bam	HighDI
LDI_D_06	SOMM516	Black35_C05_i5F	AATGATACGGCGACCACCGAGATCTACACCTCGAACAACACTCTTTCCCTACACGACGCTCTTCCGATC*T	CTCGAACA	Sacks_C05	CAAGCAGAAGACGGCATACGAGATCAGGCAGTGACTGGAGTTCAGACGTGTGCTCTTCCGATC*T	CAGGCA	TGCCTG	TGTTCGAG	TGCCTG-TGTTCGAG	14.0616	LDI_D_06_R1.sort.flt.bam	LowDI
130081	SOMM516	Black43_C06_i5F	AATGATACGGCGACCACCGAGATCTACACTGCGTAACACACTCTTTCCCTACACGACGCTCTTCCGATC*T	TGCGTAAC	Sacks_C06	CAAGCAGAAGACGGCATACGAGATCATACTGTGACTGGAGTTCAGACGTGTGCTCTTCCGATC*T	CATACT	AGTATG	GTTACGCA	AGTATG-GTTACGCA	12.6244	130081_R1.sort.flt.bam	Epi
600871	SOMM516	Black67_C09_i5F	AATGATACGGCGACCACCGAGATCTACACCATCTGCTACACTCTTTCCCTACACGACGCTCTTCCGATC*T	CATCTGCT	Sacks_C09	CAAGCAGAAGACGGCATACGAGATCCCTAAGTGACTGGAGTTCAGACGTGTGCTCTTCCGATC*T	CCCTAA	TTAGGG	AGCAGATG	TTAGGG-AGCAGATG	1.17045	600871_R1.sort.flt.bam	Epi
600771	SOMM516	Black75_C10_i5F	AATGATACGGCGACCACCGAGATCTACACAGGTGTTGACACTCTTTCCCTACACGACGCTCTTCCGATC*T	AGGTGTTG	Sacks_C10	CAAGCAGAAGACGGCATACGAGATCCGAGGGTGACTGGAGTTCAGACGTGTGCTCTTCCGATC*T	CCGAGG	CCTCGG	CAACACCT	CCTCGG-CAACACCT	11.9376	600771_R1.sort.flt.bam	Epi
ldi_B_5	SOMM516	Black83_C11_i5F	AATGATACGGCGACCACCGAGATCTACACGCCTTCTTACACTCTTTCCCTACACGACGCTCTTCCGATC*T	GCCTTCTT	Sacks_C11	CAAGCAGAAGACGGCATACGAGATCCGCATGTGACTGGAGTTCAGACGTGTGCTCTTCCGATC*T	CCGCAT	ATGCGG	AAGAAGGC	ATGCGG-AAGAAGGC	14.9866	ldi_B_5_R1.sort.flt.bam	LowDI
ldi_C_17	SOMM516	Black91_C12_i5F	AATGATACGGCGACCACCGAGATCTACACTGCTCTACACACTCTTTCCCTACACGACGCTCTTCCGATC*T	TGCTCTAC	Sacks_C12	CAAGCAGAAGACGGCATACGAGATCCTAACGTGACTGGAGTTCAGACGTGTGCTCTTCCGATC*T	CCTAAC	GTTAGG	GTAGAGCA	GTTAGG-GTAGAGCA	13.5678	ldi_C_17_R1.sort.flt.bam	LowDI
ldi_C_1	SOMM516	Black04_D01_i5F	AATGATACGGCGACCACCGAGATCTACACGTACCACAACACTCTTTCCCTACACGACGCTCTTCCGATC*T	GTACCACA	Sacks_D01	CAAGCAGAAGACGGCATACGAGATCGAGGCGTGACTGGAGTTCAGACGTGTGCTCTTCCGATC*T	CGAGGC	GCCTCG	TGTGGTAC	GCCTCG-TGTGGTAC	16.9703	ldi_C_1_R1.sort.flt.bam	LowDI
ldi_C_28	SOMM516	Black12_D02_i5F	AATGATACGGCGACCACCGAGATCTACACGCATTGGTACACTCTTTCCCTACACGACGCTCTTCCGATC*T	GCATTGGT	Sacks_D02	CAAGCAGAAGACGGCATACGAGATCGCAGAGTGACTGGAGTTCAGACGTGTGCTCTTCCGATC*T	CGCAGA	TCTGCG	ACCAATGC	TCTGCG-ACCAATGC	14.3826	ldi_C_28_R1.sort.flt.bam	LowDI
HDI_C_05	SOMM516	Black20_D03_i5F	AATGATACGGCGACCACCGAGATCTACACCTGTGGTAACACTCTTTCCCTACACGACGCTCTTCCGATC*T	CTGTGGTA	Sacks_D03	CAAGCAGAAGACGGCATACGAGATCGCGTGGTGACTGGAGTTCAGACGTGTGCTCTTCCGATC*T	CGCGTG	CACGCG	TACCACAG	CACGCG-TACCACAG	7.06699	HDI_C_05_R1.sort.flt.bam	HighDI
LDI_D_05	SOMM516	Black28_D04_i5F	AATGATACGGCGACCACCGAGATCTACACTTACCGACACACTCTTTCCCTACACGACGCTCTTCCGATC*T	TTACCGAC	Sacks_D04	CAAGCAGAAGACGGCATACGAGATCGGTCCGTGACTGGAGTTCAGACGTGTGCTCTTCCGATC*T	CGGTCC	GGACCG	GTCGGTAA	GGACCG-GTCGGTAA	12.3097	LDI_D_05_R1.sort.flt.bam	LowDI
HDI_C_07	SOMM516	Black36_D05_i5F	AATGATACGGCGACCACCGAGATCTACACGCAACCATACACTCTTTCCCTACACGACGCTCTTCCGATC*T	GCAACCAT	Sacks_D05	CAAGCAGAAGACGGCATACGAGATCGTCTAGTGACTGGAGTTCAGACGTGTGCTCTTCCGATC*T	CGTCTA	TAGACG	ATGGTTGC	TAGACG-ATGGTTGC	17.7439	HDI_C_07_R1.sort.flt.bam	HighDI
130572	SOMM516	Black44_D06_i5F	AATGATACGGCGACCACCGAGATCTACACACAACGTGACACTCTTTCCCTACACGACGCTCTTCCGATC*T	ACAACGTG	Sacks_D06	CAAGCAGAAGACGGCATACGAGATCGTGATGTGACTGGAGTTCAGACGTGTGCTCTTCCGATC*T	CGTGAT	ATCACG	CACGTTGT	ATCACG-CACGTTGT	25.4479	130572_R1.sort.flt.bam	Epi
601711	SOMM516	Black68_D09_i5F	AATGATACGGCGACCACCGAGATCTACACTGTCACACACACTCTTTCCCTACACGACGCTCTTCCGATC*T	TGTCACAC	Sacks_D09	CAAGCAGAAGACGGCATACGAGATCTGCGAGTGACTGGAGTTCAGACGTGTGCTCTTCCGATC*T	CTGCGA	TCGCAG	GTGTGACA	TCGCAG-GTGTGACA	9.78801	601711_R1.sort.flt.bam	Epi
602392	SOMM516	Black76_D10_i5F	AATGATACGGCGACCACCGAGATCTACACGACACAGTACACTCTTTCCCTACACGACGCTCTTCCGATC*T	GACACAGT	Sacks_D10	CAAGCAGAAGACGGCATACGAGATCTGGTTGTGACTGGAGTTCAGACGTGTGCTCTTCCGATC*T	CTGGTT	AACCAG	ACTGTGTC	AACCAG-ACTGTGTC	11.4427	602392_R1.sort.flt.bam	Epi
ldi_B_7	SOMM516	Black84_D11_i5F	AATGATACGGCGACCACCGAGATCTACACGTGGTATGACACTCTTTCCCTACACGACGCTCTTCCGATC*T	GTGGTATG	Sacks_D11	CAAGCAGAAGACGGCATACGAGATCTTATGGTGACTGGAGTTCAGACGTGTGCTCTTCCGATC*T	CTTATG	CATAAG	CATACCAC	CATAAG-CATACCAC	15.9573	ldi_B_7_R1.sort.flt.bam	LowDI
ldi_C_20	SOMM516	Black92_D12_i5F	AATGATACGGCGACCACCGAGATCTACACATGCGCTTACACTCTTTCCCTACACGACGCTCTTCCGATC*T	ATGCGCTT	Sacks_D12	CAAGCAGAAGACGGCATACGAGATCTTTGCGTGACTGGAGTTCAGACGTGTGCTCTTCCGATC*T	CTTTGC	GCAAAG	AAGCGCAT	GCAAAG-AAGCGCAT	12.8392	ldi_C_20_R1.sort.flt.bam	LowDI
ldi_C_25	SOMM516	Black05_E01_i5F	AATGATACGGCGACCACCGAGATCTACACAGGAACACACACTCTTTCCCTACACGACGCTCTTCCGATC*T	AGGAACAC	Sacks_E01	CAAGCAGAAGACGGCATACGAGATGAAATGGTGACTGGAGTTCAGACGTGTGCTCTTCCGATC*T	GAAATG	CATTTC	GTGTTCCT	CATTTC-GTGTTCCT	9.23877	ldi_C_25_R1.sort.flt.bam	LowDI
ldi_C_24	SOMM516	Black13_E02_i5F	AATGATACGGCGACCACCGAGATCTACACTGGAAGCAACACTCTTTCCCTACACGACGCTCTTCCGATC*T	TGGAAGCA	Sacks_E02	CAAGCAGAAGACGGCATACGAGATGAACCAGTGACTGGAGTTCAGACGTGTGCTCTTCCGATC*T	GAACCA	TGGTTC	TGCTTCCA	TGGTTC-TGCTTCCA	14.6767	ldi_C_24_R1.sort.flt.bam	LowDI
LDI_D_08	SOMM516	Black21_E03_i5F	AATGATACGGCGACCACCGAGATCTACACGTCGTTACACACTCTTTCCCTACACGACGCTCTTCCGATC*T	GTCGTTAC	Sacks_E03	CAAGCAGAAGACGGCATACGAGATGACGACGTGACTGGAGTTCAGACGTGTGCTCTTCCGATC*T	GACGAC	GTCGTC	GTAACGAC	GTCGTC-GTAACGAC	14.423400000000001	LDI_D_08_R1.sort.flt.bam	LowDI
HDI_C_08	SOMM516	Black29_E04_i5F	AATGATACGGCGACCACCGAGATCTACACGAACCTTCACACTCTTTCCCTACACGACGCTCTTCCGATC*T	GAACCTTC	Sacks_E04	CAAGCAGAAGACGGCATACGAGATGACTCTGTGACTGGAGTTCAGACGTGTGCTCTTCCGATC*T	GACTCT	AGAGTC	GAAGGTTC	AGAGTC-GAAGGTTC	21.4724	HDI_C_08_R1.sort.flt.bam	HighDI
LDI_D_09	SOMM516	Black37_E05_i5F	AATGATACGGCGACCACCGAGATCTACACTATGACCGACACTCTTTCCCTACACGACGCTCTTCCGATC*T	TATGACCG	Sacks_E05	CAAGCAGAAGACGGCATACGAGATGAGAGAGTGACTGGAGTTCAGACGTGTGCTCTTCCGATC*T	GAGAGA	TCTCTC	CGGTCATA	TCTCTC-CGGTCATA	24.4937	LDI_D_09_R1.sort.flt.bam	LowDI
131031	SOMM516	Black45_E06_i5F	AATGATACGGCGACCACCGAGATCTACACAACGCACAACACTCTTTCCCTACACGACGCTCTTCCGATC*T	AACGCACA	Sacks_E06	CAAGCAGAAGACGGCATACGAGATGATCGTGTGACTGGAGTTCAGACGTGTGCTCTTCCGATC*T	GATCGT	ACGATC	TGTGCGTT	ACGATC-TGTGCGTT	24.2607	131031_R1.sort.flt.bam	Epi
701592	SOMM516	Black69_E09_i5F	AATGATACGGCGACCACCGAGATCTACACAACAGGTGACACTCTTTCCCTACACGACGCTCTTCCGATC*T	AACAGGTG	Sacks_E09	CAAGCAGAAGACGGCATACGAGATGCCGTAGTGACTGGAGTTCAGACGTGTGCTCTTCCGATC*T	GCCGTA	TACGGC	CACCTGTT	TACGGC-CACCTGTT	14.1308	701592_R1.sort.flt.bam	Epi
701502	SOMM516	Black77_E10_i5F	AATGATACGGCGACCACCGAGATCTACACCCTGTCAAACACTCTTTCCCTACACGACGCTCTTCCGATC*T	CCTGTCAA	Sacks_E10	CAAGCAGAAGACGGCATACGAGATGCGACCGTGACTGGAGTTCAGACGTGTGCTCTTCCGATC*T	GCGACC	GGTCGC	TTGACAGG	GGTCGC-TTGACAGG	13.8571	701502_R1.sort.flt.bam	Epi
ldi_C_23	SOMM516	Black85_E11_i5F	AATGATACGGCGACCACCGAGATCTACACTGACCGTTACACTCTTTCCCTACACGACGCTCTTCCGATC*T	TGACCGTT	Sacks_E11	CAAGCAGAAGACGGCATACGAGATGCGCTGGTGACTGGAGTTCAGACGTGTGCTCTTCCGATC*T	GCGCTG	CAGCGC	AACGGTCA	CAGCGC-AACGGTCA	10.5958	ldi_C_23_R1.sort.flt.bam	LowDI
ldi_C_2	SOMM516	Black93_E12_i5F	AATGATACGGCGACCACCGAGATCTACACGCTAAGGAACACTCTTTCCCTACACGACGCTCTTCCGATC*T	GCTAAGGA	Sacks_E12	CAAGCAGAAGACGGCATACGAGATGCTCAAGTGACTGGAGTTCAGACGTGTGCTCTTCCGATC*T	GCTCAA	TTGAGC	TCCTTAGC	TTGAGC-TCCTTAGC	20.0858	ldi_C_2_R1.sort.flt.bam	LowDI
ldi_C_19	SOMM516	Black06_F01_i5F	AATGATACGGCGACCACCGAGATCTACACACCGAATGACACTCTTTCCCTACACGACGCTCTTCCGATC*T	ACCGAATG	Sacks_F01	CAAGCAGAAGACGGCATACGAGATGGACTTGTGACTGGAGTTCAGACGTGTGCTCTTCCGATC*T	GGACTT	AAGTCC	CATTCGGT	AAGTCC-CATTCGGT	15.4877	ldi_C_19_R1.sort.flt.bam	LowDI
ldi_C_10	SOMM516	Black14_F02_i5F	AATGATACGGCGACCACCGAGATCTACACACAGGCATACACTCTTTCCCTACACGACGCTCTTCCGATC*T	ACAGGCAT	Sacks_F02	CAAGCAGAAGACGGCATACGAGATGGCAAGGTGACTGGAGTTCAGACGTGTGCTCTTCCGATC*T	GGCAAG	CTTGCC	ATGCCTGT	CTTGCC-ATGCCTGT	16.5086	ldi_C_10_R1.sort.flt.bam	LowDI
LDI_D_02	SOMM516	Black22_F03_i5F	AATGATACGGCGACCACCGAGATCTACACTAGCCATGACACTCTTTCCCTACACGACGCTCTTCCGATC*T	TAGCCATG	Sacks_F03	CAAGCAGAAGACGGCATACGAGATGGGCGCGTGACTGGAGTTCAGACGTGTGCTCTTCCGATC*T	GGGCGC	GCGCCC	CATGGCTA	GCGCCC-CATGGCTA	23.6792	LDI_D_02_R1.sort.flt.bam	LowDI
HDI_E_01	SOMM516	Black30_F04_i5F	AATGATACGGCGACCACCGAGATCTACACACTTGGCTACACTCTTTCCCTACACGACGCTCTTCCGATC*T	ACTTGGCT	Sacks_F04	CAAGCAGAAGACGGCATACGAGATGGGGCGGTGACTGGAGTTCAGACGTGTGCTCTTCCGATC*T	GGGGCG	CGCCCC	AGCCAAGT	CGCCCC-AGCCAAGT	35.3056	HDI_E_01_R1.sort.flt.bam	HighDI
LDI_D_04	SOMM516	Black38_F05_i5F	AATGATACGGCGACCACCGAGATCTACACATACTGGCACACTCTTTCCCTACACGACGCTCTTCCGATC*T	ATACTGGC	Sacks_F05	CAAGCAGAAGACGGCATACGAGATGGTACAGTGACTGGAGTTCAGACGTGTGCTCTTCCGATC*T	GGTACA	TGTACC	GCCAGTAT	TGTACC-GCCAGTAT	14.8514	LDI_D_04_R1.sort.flt.bam	LowDI
131711	SOMM516	Black46_F06_i5F	AATGATACGGCGACCACCGAGATCTACACCTGTATGCACACTCTTTCCCTACACGACGCTCTTCCGATC*T	CTGTATGC	Sacks_F06	CAAGCAGAAGACGGCATACGAGATGGTTTGGTGACTGGAGTTCAGACGTGTGCTCTTCCGATC*T	GGTTTG	CAAACC	GCATACAG	CAAACC-GCATACAG	25.8222	131711_R1.sort.flt.bam	Epi
801932	SOMM516	Black70_F09_i5F	AATGATACGGCGACCACCGAGATCTACACCCAGTTGAACACTCTTTCCCTACACGACGCTCTTCCGATC*T	CCAGTTGA	Sacks_F09	CAAGCAGAAGACGGCATACGAGATGTCATCGTGACTGGAGTTCAGACGTGTGCTCTTCCGATC*T	GTCATC	GATGAC	TCAACTGG	GATGAC-TCAACTGG	15.039	801932_R1.sort.flt.bam	Epi
802141	SOMM516	Black78_F10_i5F	AATGATACGGCGACCACCGAGATCTACACTACCTGCAACACTCTTTCCCTACACGACGCTCTTCCGATC*T	TACCTGCA	Sacks_F10	CAAGCAGAAGACGGCATACGAGATGTGCCTGTGACTGGAGTTCAGACGTGTGCTCTTCCGATC*T	GTGCCT	AGGCAC	TGCAGGTA	AGGCAC-TGCAGGTA	19.4931	802141_R1.sort.flt.bam	Epi
ldi_C_27	SOMM516	Black86_F11_i5F	AATGATACGGCGACCACCGAGATCTACACAACAGCGAACACTCTTTCCCTACACGACGCTCTTCCGATC*T	AACAGCGA	Sacks_F11	CAAGCAGAAGACGGCATACGAGATGTGTAAGTGACTGGAGTTCAGACGTGTGCTCTTCCGATC*T	GTGTAA	TTACAC	TCGCTGTT	TTACAC-TCGCTGTT	13.3134	ldi_C_27_R1.sort.flt.bam	LowDI
ldi_C_11	SOMM516	Black94_F12_i5F	AATGATACGGCGACCACCGAGATCTACACATCGTGGTACACTCTTTCCCTACACGACGCTCTTCCGATC*T	ATCGTGGT	Sacks_F12	CAAGCAGAAGACGGCATACGAGATGTTGGAGTGACTGGAGTTCAGACGTGTGCTCTTCCGATC*T	GTTGGA	TCCAAC	ACCACGAT	TCCAAC-ACCACGAT	16.5938	ldi_C_11_R1.sort.flt.bam	LowDI
ldi_C_18	SOMM516	Black07_G01_i5F	AATGATACGGCGACCACCGAGATCTACACCAATGCGAACACTCTTTCCCTACACGACGCTCTTCCGATC*T	CAATGCGA	Sacks_G01	CAAGCAGAAGACGGCATACGAGATTAAGCTGTGACTGGAGTTCAGACGTGTGCTCTTCCGATC*T	TAAGCT	AGCTTA	TCGCATTG	AGCTTA-TCGCATTG	17.0911	ldi_C_18_R1.sort.flt.bam	LowDI
ldi_C_16	SOMM516	Black15_G02_i5F	AATGATACGGCGACCACCGAGATCTACACGATCAAGGACACTCTTTCCCTACACGACGCTCTTCCGATC*T	GATCAAGG	Sacks_G02	CAAGCAGAAGACGGCATACGAGATTAATTCGTGACTGGAGTTCAGACGTGTGCTCTTCCGATC*T	TAATTC	GAATTA	CCTTGATC	GAATTA-CCTTGATC	11.6466	ldi_C_16_R1.sort.flt.bam	LowDI
LDI_D_07	SOMM516	Black23_G03_i5F	AATGATACGGCGACCACCGAGATCTACACTTGGACTGACACTCTTTCCCTACACGACGCTCTTCCGATC*T	TTGGACTG	Sacks_G03	CAAGCAGAAGACGGCATACGAGATTACACAGTGACTGGAGTTCAGACGTGTGCTCTTCCGATC*T	TACACA	TGTGTA	CAGTCCAA	TGTGTA-CAGTCCAA	21.1927	LDI_D_07_R1.sort.flt.bam	LowDI
HDI_C_06	SOMM516	Black31_G04_i5F	AATGATACGGCGACCACCGAGATCTACACCGGATCAAACACTCTTTCCCTACACGACGCTCTTCCGATC*T	CGGATCAA	Sacks_G04	CAAGCAGAAGACGGCATACGAGATTACGGGGTGACTGGAGTTCAGACGTGTGCTCTTCCGATC*T	TACGGG	CCCGTA	TTGATCCG	CCCGTA-TTGATCCG	24.4803	HDI_C_06_R1.sort.flt.bam	HighDI
121921	SOMM516	Black39_G05_i5F	AATGATACGGCGACCACCGAGATCTACACCGGAGTATACACTCTTTCCCTACACGACGCTCTTCCGATC*T	CGGAGTAT	Sacks_G05	CAAGCAGAAGACGGCATACGAGATTAGTATGTGACTGGAGTTCAGACGTGTGCTCTTCCGATC*T	TAGTAT	ATACTA	ATACTCCG	ATACTA-ATACTCCG	32.3332	121921_R1.sort.flt.bam	Epi
901071	SOMM516	Black71_G09_i5F	AATGATACGGCGACCACCGAGATCTACACTCCTGACTACACTCTTTCCCTACACGACGCTCTTCCGATC*T	TCCTGACT	Sacks_G09	CAAGCAGAAGACGGCATACGAGATTCGATTGTGACTGGAGTTCAGACGTGTGCTCTTCCGATC*T	TCGATT	AATCGA	AGTCAGGA	AATCGA-AGTCAGGA	17.6426	901071_R1.sort.flt.bam	Epi
901172	SOMM516	Black79_G10_i5F	AATGATACGGCGACCACCGAGATCTACACACAGCAAGACACTCTTTCCCTACACGACGCTCTTCCGATC*T	ACAGCAAG	Sacks_G10	CAAGCAGAAGACGGCATACGAGATTCGCCAGTGACTGGAGTTCAGACGTGTGCTCTTCCGATC*T	TCGCCA	TGGCGA	CTTGCTGT	TGGCGA-CTTGCTGT	16.0672	901172_R1.sort.flt.bam	Epi
ldi_C_26	SOMM516	Black87_G11_i5F	AATGATACGGCGACCACCGAGATCTACACGAAGATCCACACTCTTTCCCTACACGACGCTCTTCCGATC*T	GAAGATCC	Sacks_G11	CAAGCAGAAGACGGCATACGAGATTCGGACGTGACTGGAGTTCAGACGTGTGCTCTTCCGATC*T	TCGGAC	GTCCGA	GGATCTTC	GTCCGA-GGATCTTC	13.1381	ldi_C_26_R1.sort.flt.bam	LowDI
ldi_C_22	SOMM516	Black95_G12_i5F	AATGATACGGCGACCACCGAGATCTACACGAACGAAGACACTCTTTCCCTACACGACGCTCTTCCGATC*T	GAACGAAG	Sacks_G12	CAAGCAGAAGACGGCATACGAGATTCTCGGGTGACTGGAGTTCAGACGTGTGCTCTTCCGATC*T	TCTCGG	CCGAGA	CTTCGTTC	CCGAGA-CTTCGTTC	23.2312	ldi_C_22_R1.sort.flt.bam	LowDI
ldi_C_4	SOMM516	Black08_H01_i5F	AATGATACGGCGACCACCGAGATCTACACGTTATGGCACACTCTTTCCCTACACGACGCTCTTCCGATC*T	GTTATGGC	Sacks_H01	CAAGCAGAAGACGGCATACGAGATTCTTCTGTGACTGGAGTTCAGACGTGTGCTCTTCCGATC*T	TCTTCT	AGAAGA	GCCATAAC	AGAAGA-GCCATAAC	10.9926	ldi_C_4_R1.sort.flt.bam	LowDI
ldi_C_8	SOMM516	Black16_H02_i5F	AATGATACGGCGACCACCGAGATCTACACCCTATACCACACTCTTTCCCTACACGACGCTCTTCCGATC*T	CCTATACC	Sacks_H02	CAAGCAGAAGACGGCATACGAGATTGAACCGTGACTGGAGTTCAGACGTGTGCTCTTCCGATC*T	TGAACC	GGTTCA	GGTATAGG	GGTTCA-GGTATAGG	17.7976	ldi_C_8_R1.sort.flt.bam	LowDI
HDI_C_09	SOMM516	Black24_H03_i5F	AATGATACGGCGACCACCGAGATCTACACCAACGAGTACACTCTTTCCCTACACGACGCTCTTCCGATC*T	CAACGAGT	Sacks_H03	CAAGCAGAAGACGGCATACGAGATTGACAAGTGACTGGAGTTCAGACGTGTGCTCTTCCGATC*T	TGACAA	TTGTCA	ACTCGTTG	TTGTCA-ACTCGTTG	9.90403	HDI_C_09_R1.sort.flt.bam	HighDI
121431	SOMM516	Black40_H05_i5F	AATGATACGGCGACCACCGAGATCTACACGTTGCTGTACACTCTTTCCCTACACGACGCTCTTCCGATC*T	GTTGCTGT	Sacks_H05	CAAGCAGAAGACGGCATACGAGATTGCTTAGTGACTGGAGTTCAGACGTGTGCTCTTCCGATC*T	TGCTTA	TAAGCA	ACAGCAAC	TAAGCA-ACAGCAAC	4.20301	121431_R1.sort.flt.bam	Epi
111392	SOMM516	Black72_H09_i5F	AATGATACGGCGACCACCGAGATCTACACCTAACCTGACACTCTTTCCCTACACGACGCTCTTCCGATC*T	CTAACCTG	Sacks_H09	CAAGCAGAAGACGGCATACGAGATTTCTAGGTGACTGGAGTTCAGACGTGTGCTCTTCCGATC*T	TTCTAG	CTAGAA	CAGGTTAG	CTAGAA-CAGGTTAG	10.1405	111392_R1.sort.flt.bam	Epi
120091	SOMM516	Black80_H10_i5F	AATGATACGGCGACCACCGAGATCTACACCTGAACGTACACTCTTTCCCTACACGACGCTCTTCCGATC*T	CTGAACGT	Sacks_H10	CAAGCAGAAGACGGCATACGAGATTTGAGCGTGACTGGAGTTCAGACGTGTGCTCTTCCGATC*T	TTGAGC	GCTCAA	ACGTTCAG	GCTCAA-ACGTTCAG	14.1325	120091_R1.sort.flt.bam	Epi
ldi_C_9	SOMM516	Black88_H11_i5F	AATGATACGGCGACCACCGAGATCTACACTCCTGGTAACACTCTTTCCCTACACGACGCTCTTCCGATC*T	TCCTGGTA	Sacks_H11	CAAGCAGAAGACGGCATACGAGATTTTAATGTGACTGGAGTTCAGACGTGTGCTCTTCCGATC*T	TTTAAT	ATTAAA	TACCAGGA	ATTAAA-TACCAGGA	21.4343	ldi_C_9_R1.sort.flt.bam	LowDI
ldi_C_14	SOMM516	Black96_H12_i5F	AATGATACGGCGACCACCGAGATCTACACCTTCCTTCACACTCTTTCCCTACACGACGCTCTTCCGATC*T	CTTCCTTC	Sacks_H12	CAAGCAGAAGACGGCATACGAGATTTTGTCGTGACTGGAGTTCAGACGTGTGCTCTTCCGATC*T	TTTGTC	GACAAA	GAAGGAAG	GACAAA-GAAGGAAG	11.9014	ldi_C_14_R1.sort.flt.bam	LowDI
300661	SOMM517	Black01_A01_i5F	AATGATACGGCGACCACCGAGATCTACACACTGCGAAACACTCTTTCCCTACACGACGCTCTTCCGATC*T	ACTGCGAA	Sacks_A01	CAAGCAGAAGACGGCATACGAGATAAACGGGTGACTGGAGTTCAGACGTGTGCTCTTCCGATC*T	AAACGG	CCGTTT	TTCGCAGT	CCGTTT-TTCGCAGT	17.6807	300661_R1.sort.flt.bam	Epi
300662	SOMM517	Black09_A02_i5F	AATGATACGGCGACCACCGAGATCTACACTAGTCTCGACACTCTTTCCCTACACGACGCTCTTCCGATC*T	TAGTCTCG	Sacks_A02	CAAGCAGAAGACGGCATACGAGATAACGTTGTGACTGGAGTTCAGACGTGTGCTCTTCCGATC*T	AACGTT	AACGTT	CGAGACTA	AACGTT-CGAGACTA	22.6918	300662_R1.sort.flt.bam	Epi
302002	SOMM517	Black17_A03_i5F	AATGATACGGCGACCACCGAGATCTACACTGAGCTGTACACTCTTTCCCTACACGACGCTCTTCCGATC*T	TGAGCTGT	Sacks_A03	CAAGCAGAAGACGGCATACGAGATAACTGAGTGACTGGAGTTCAGACGTGTGCTCTTCCGATC*T	AACTGA	TCAGTT	ACAGCTCA	TCAGTT-ACAGCTCA	16.4504	302002_R1.sort.flt.bam	Epi
302001	SOMM517	Black25_A04_i5F	AATGATACGGCGACCACCGAGATCTACACAGTATGCCACACTCTTTCCCTACACGACGCTCTTCCGATC*T	AGTATGCC	Sacks_A04	CAAGCAGAAGACGGCATACGAGATAAGACGGTGACTGGAGTTCAGACGTGTGCTCTTCCGATC*T	AAGACG	CGTCTT	GGCATACT	CGTCTT-GGCATACT	17.018	302001_R1.sort.flt.bam	Epi
400282	SOMM517	Black33_A05_i5F	AATGATACGGCGACCACCGAGATCTACACTGGTGAAGACACTCTTTCCCTACACGACGCTCTTCCGATC*T	TGGTGAAG	Sacks_A05	CAAGCAGAAGACGGCATACGAGATAAGCTAGTGACTGGAGTTCAGACGTGTGCTCTTCCGATC*T	AAGCTA	TAGCTT	CTTCACCA	TAGCTT-CTTCACCA	15.1929	400282_R1.sort.flt.bam	Epi
400281	SOMM517	Black41_A06_i5F	AATGATACGGCGACCACCGAGATCTACACTACTGCTCACACTCTTTCCCTACACGACGCTCTTCCGATC*T	TACTGCTC	Sacks_A06	CAAGCAGAAGACGGCATACGAGATAATATCGTGACTGGAGTTCAGACGTGTGCTCTTCCGATC*T	AATATC	GATATT	GAGCAGTA	GATATT-GAGCAGTA	19.6372	400281_R1.sort.flt.bam	Epi
402592	SOMM517	Black49_A07_i5F	AATGATACGGCGACCACCGAGATCTACACACTCCTACACACTCTTTCCCTACACGACGCTCTTCCGATC*T	ACTCCTAC	Sacks_A07	CAAGCAGAAGACGGCATACGAGATAATGAGGTGACTGGAGTTCAGACGTGTGCTCTTCCGATC*T	AATGAG	CTCATT	GTAGGAGT	CTCATT-GTAGGAGT	17.2145	402592_R1.sort.flt.bam	Epi
401261	SOMM517	Black57_A08_i5F	AATGATACGGCGACCACCGAGATCTACACTACTCCAGACACTCTTTCCCTACACGACGCTCTTCCGATC*T	TACTCCAG	Sacks_A08	CAAGCAGAAGACGGCATACGAGATACAAGAGTGACTGGAGTTCAGACGTGTGCTCTTCCGATC*T	ACAAGA	TCTTGT	CTGGAGTA	TCTTGT-CTGGAGTA	20.2074	401261_R1.sort.flt.bam	Epi
401431	SOMM517	Black81_A11_i5F	AATGATACGGCGACCACCGAGATCTACACAAGCCTGAACACTCTTTCCCTACACGACGCTCTTCCGATC*T	AAGCCTGA	Sacks_A11	CAAGCAGAAGACGGCATACGAGATACCATGGTGACTGGAGTTCAGACGTGTGCTCTTCCGATC*T	ACCATG	CATGGT	TCAGGCTT	CATGGT-TCAGGCTT	15.0226	401431_R1.sort.flt.bam	Epi
402591	SOMM517	Black89_A12_i5F	AATGATACGGCGACCACCGAGATCTACACAGTACACGACACTCTTTCCCTACACGACGCTCTTCCGATC*T	AGTACACG	Sacks_A12	CAAGCAGAAGACGGCATACGAGATACCCCCGTGACTGGAGTTCAGACGTGTGCTCTTCCGATC*T	ACCCCC	GGGGGT	CGTGTACT	GGGGGT-CGTGTACT	17.8385	402591_R1.sort.flt.bam	Epi
402281	SOMM517	Black02_B01_i5F	AATGATACGGCGACCACCGAGATCTACACCGACACTTACACTCTTTCCCTACACGACGCTCTTCCGATC*T	CGACACTT	Sacks_B01	CAAGCAGAAGACGGCATACGAGATACTCTTGTGACTGGAGTTCAGACGTGTGCTCTTCCGATC*T	ACTCTT	AAGAGT	AAGTGTCG	AAGAGT-AAGTGTCG	19.7578	402281_R1.sort.flt.bam	Epi
401262	SOMM517	Black10_B02_i5F	AATGATACGGCGACCACCGAGATCTACACCTCACCAAACACTCTTTCCCTACACGACGCTCTTCCGATC*T	CTCACCAA	Sacks_B02	CAAGCAGAAGACGGCATACGAGATACTGGCGTGACTGGAGTTCAGACGTGTGCTCTTCCGATC*T	ACTGGC	GCCAGT	TTGGTGAG	GCCAGT-TTGGTGAG	14.7493	401262_R1.sort.flt.bam	Epi
402142	SOMM517	Black18_B03_i5F	AATGATACGGCGACCACCGAGATCTACACAACCAGAGACACTCTTTCCCTACACGACGCTCTTCCGATC*T	AACCAGAG	Sacks_B03	CAAGCAGAAGACGGCATACGAGATAGCCATGTGACTGGAGTTCAGACGTGTGCTCTTCCGATC*T	AGCCAT	ATGGCT	CTCTGGTT	ATGGCT-CTCTGGTT	16.2657	402142_R1.sort.flt.bam	Epi
402141	SOMM517	Black26_B04_i5F	AATGATACGGCGACCACCGAGATCTACACGCGTATCAACACTCTTTCCCTACACGACGCTCTTCCGATC*T	GCGTATCA	Sacks_B04	CAAGCAGAAGACGGCATACGAGATAGCGCAGTGACTGGAGTTCAGACGTGTGCTCTTCCGATC*T	AGCGCA	TGCGCT	TGATACGC	TGCGCT-TGATACGC	11.1931	402141_R1.sort.flt.bam	Epi
500131	SOMM517	Black34_B05_i5F	AATGATACGGCGACCACCGAGATCTACACAATGACGCACACTCTTTCCCTACACGACGCTCTTCCGATC*T	AATGACGC	Sacks_B05	CAAGCAGAAGACGGCATACGAGATAGGGTCGTGACTGGAGTTCAGACGTGTGCTCTTCCGATC*T	AGGGTC	GACCCT	GCGTCATT	GACCCT-GCGTCATT	21.5661	500131_R1.sort.flt.bam	Epi
500132	SOMM517	Black42_B06_i5F	AATGATACGGCGACCACCGAGATCTACACCCACAACAACACTCTTTCCCTACACGACGCTCTTCCGATC*T	CCACAACA	Sacks_B06	CAAGCAGAAGACGGCATACGAGATAGGTGTGTGACTGGAGTTCAGACGTGTGCTCTTCCGATC*T	AGGTGT	ACACCT	TGTTGTGG	ACACCT-TGTTGTGG	18.3694	500132_R1.sort.flt.bam	Epi
500741	SOMM517	Black50_B07_i5F	AATGATACGGCGACCACCGAGATCTACACGTATTCCGACACTCTTTCCCTACACGACGCTCTTCCGATC*T	GTATTCCG	Sacks_B07	CAAGCAGAAGACGGCATACGAGATAGTAGGGTGACTGGAGTTCAGACGTGTGCTCTTCCGATC*T	AGTAGG	CCTACT	CGGAATAC	CCTACT-CGGAATAC	5.18901	500741_R1.sort.flt.bam	Epi
501801	SOMM517	Black58_B08_i5F	AATGATACGGCGACCACCGAGATCTACACAGGTAGGAACACTCTTTCCCTACACGACGCTCTTCCGATC*T	AGGTAGGA	Sacks_B08	CAAGCAGAAGACGGCATACGAGATAGTTAAGTGACTGGAGTTCAGACGTGTGCTCTTCCGATC*T	AGTTAA	TTAACT	TCCTACCT	TTAACT-TCCTACCT	1.01858	501801_R1.sort.flt.bam	Epi
502962	SOMM517	Black82_B11_i5F	AATGATACGGCGACCACCGAGATCTACACCTTAGGACACACTCTTTCCCTACACGACGCTCTTCCGATC*T	CTTAGGAC	Sacks_B11	CAAGCAGAAGACGGCATACGAGATATGCACGTGACTGGAGTTCAGACGTGTGCTCTTCCGATC*T	ATGCAC	GTGCAT	GTCCTAAG	GTGCAT-GTCCTAAG	7.38739	502962_R1.sort.flt.bam	Epi
501011	SOMM517	Black90_B12_i5F	AATGATACGGCGACCACCGAGATCTACACCCGCTTAAACACTCTTTCCCTACACGACGCTCTTCCGATC*T	CCGCTTAA	Sacks_B12	CAAGCAGAAGACGGCATACGAGATATGTTGGTGACTGGAGTTCAGACGTGTGCTCTTCCGATC*T	ATGTTG	CAACAT	TTAAGCGG	CAACAT-TTAAGCGG	13.4184	501011_R1.sort.flt.bam	Epi
501012	SOMM517	Black03_C01_i5F	AATGATACGGCGACCACCGAGATCTACACTACAGAGCACACTCTTTCCCTACACGACGCTCTTCCGATC*T	TACAGAGC	Sacks_C01	CAAGCAGAAGACGGCATACGAGATATTCCGGTGACTGGAGTTCAGACGTGTGCTCTTCCGATC*T	ATTCCG	CGGAAT	GCTCTGTA	CGGAAT-GCTCTGTA	15.3072	501012_R1.sort.flt.bam	Epi
502151	SOMM517	Black11_C02_i5F	AATGATACGGCGACCACCGAGATCTACACAAGCGTTCACACTCTTTCCCTACACGACGCTCTTCCGATC*T	AAGCGTTC	Sacks_C02	CAAGCAGAAGACGGCATACGAGATCAAAAAGTGACTGGAGTTCAGACGTGTGCTCTTCCGATC*T	CAAAAA	TTTTTG	GAACGCTT	TTTTTG-GAACGCTT	15.7593	502151_R1.sort.flt.bam	Epi
501802	SOMM517	Black19_C03_i5F	AATGATACGGCGACCACCGAGATCTACACAGTGACCTACACTCTTTCCCTACACGACGCTCTTCCGATC*T	AGTGACCT	Sacks_C03	CAAGCAGAAGACGGCATACGAGATCAATCGGTGACTGGAGTTCAGACGTGTGCTCTTCCGATC*T	CAATCG	CGATTG	AGGTCACT	CGATTG-AGGTCACT	12.0439	501802_R1.sort.flt.bam	Epi
501862	SOMM517	Black27_C04_i5F	AATGATACGGCGACCACCGAGATCTACACACCATAGGACACTCTTTCCCTACACGACGCTCTTCCGATC*T	ACCATAGG	Sacks_C04	CAAGCAGAAGACGGCATACGAGATCACCTCGTGACTGGAGTTCAGACGTGTGCTCTTCCGATC*T	CACCTC	GAGGTG	CCTATGGT	GAGGTG-CCTATGGT	0.0137795	501862_R1.sort.flt.bam	Epi
502152	SOMM517	Black35_C05_i5F	AATGATACGGCGACCACCGAGATCTACACCTCGAACAACACTCTTTCCCTACACGACGCTCTTCCGATC*T	CTCGAACA	Sacks_C05	CAAGCAGAAGACGGCATACGAGATCAGGCAGTGACTGGAGTTCAGACGTGTGCTCTTCCGATC*T	CAGGCA	TGCCTG	TGTTCGAG	TGCCTG-TGTTCGAG	15.2735	502152_R1.sort.flt.bam	Epi
502961	SOMM517	Black43_C06_i5F	AATGATACGGCGACCACCGAGATCTACACTGCGTAACACACTCTTTCCCTACACGACGCTCTTCCGATC*T	TGCGTAAC	Sacks_C06	CAAGCAGAAGACGGCATACGAGATCATACTGTGACTGGAGTTCAGACGTGTGCTCTTCCGATC*T	CATACT	AGTATG	GTTACGCA	AGTATG-GTTACGCA	15.0526	502961_R1.sort.flt.bam	Epi
600321	SOMM517	Black51_C07_i5F	AATGATACGGCGACCACCGAGATCTACACAACAGTCCACACTCTTTCCCTACACGACGCTCTTCCGATC*T	AACAGTCC	Sacks_C07	CAAGCAGAAGACGGCATACGAGATCCATTTGTGACTGGAGTTCAGACGTGTGCTCTTCCGATC*T	CCATTT	AAATGG	GGACTGTT	AAATGG-GGACTGTT	17.6754	600321_R1.sort.flt.bam	Epi
600231	SOMM517	Black59_C08_i5F	AATGATACGGCGACCACCGAGATCTACACCTAAGACCACACTCTTTCCCTACACGACGCTCTTCCGATC*T	CTAAGACC	Sacks_C08	CAAGCAGAAGACGGCATACGAGATCCCGGTGTGACTGGAGTTCAGACGTGTGCTCTTCCGATC*T	CCCGGT	ACCGGG	GGTCTTAG	ACCGGG-GGTCTTAG	24.4336	600231_R1.sort.flt.bam	Epi
600322	SOMM517	Black83_C11_i5F	AATGATACGGCGACCACCGAGATCTACACGCCTTCTTACACTCTTTCCCTACACGACGCTCTTCCGATC*T	GCCTTCTT	Sacks_C11	CAAGCAGAAGACGGCATACGAGATCCGCATGTGACTGGAGTTCAGACGTGTGCTCTTCCGATC*T	CCGCAT	ATGCGG	AAGAAGGC	ATGCGG-AAGAAGGC	13.1455	600322_R1.sort.flt.bam	Epi
601511	SOMM517	Black91_C12_i5F	AATGATACGGCGACCACCGAGATCTACACTGCTCTACACACTCTTTCCCTACACGACGCTCTTCCGATC*T	TGCTCTAC	Sacks_C12	CAAGCAGAAGACGGCATACGAGATCCTAACGTGACTGGAGTTCAGACGTGTGCTCTTCCGATC*T	CCTAAC	GTTAGG	GTAGAGCA	GTTAGG-GTAGAGCA	10.059	601511_R1.sort.flt.bam	Epi
600902	SOMM517	Black04_D01_i5F	AATGATACGGCGACCACCGAGATCTACACGTACCACAACACTCTTTCCCTACACGACGCTCTTCCGATC*T	GTACCACA	Sacks_D01	CAAGCAGAAGACGGCATACGAGATCGAGGCGTGACTGGAGTTCAGACGTGTGCTCTTCCGATC*T	CGAGGC	GCCTCG	TGTGGTAC	GCCTCG-TGTGGTAC	14.6901	600902_R1.sort.flt.bam	Epi
600611	SOMM517	Black12_D02_i5F	AATGATACGGCGACCACCGAGATCTACACGCATTGGTACACTCTTTCCCTACACGACGCTCTTCCGATC*T	GCATTGGT	Sacks_D02	CAAGCAGAAGACGGCATACGAGATCGCAGAGTGACTGGAGTTCAGACGTGTGCTCTTCCGATC*T	CGCAGA	TCTGCG	ACCAATGC	TCTGCG-ACCAATGC	16.0685	600611_R1.sort.flt.bam	Epi
600232	SOMM517	Black20_D03_i5F	AATGATACGGCGACCACCGAGATCTACACCTGTGGTAACACTCTTTCCCTACACGACGCTCTTCCGATC*T	CTGTGGTA	Sacks_D03	CAAGCAGAAGACGGCATACGAGATCGCGTGGTGACTGGAGTTCAGACGTGTGCTCTTCCGATC*T	CGCGTG	CACGCG	TACCACAG	CACGCG-TACCACAG	19.1489	600232_R1.sort.flt.bam	Epi
600872	SOMM517	Black28_D04_i5F	AATGATACGGCGACCACCGAGATCTACACTTACCGACACACTCTTTCCCTACACGACGCTCTTCCGATC*T	TTACCGAC	Sacks_D04	CAAGCAGAAGACGGCATACGAGATCGGTCCGTGACTGGAGTTCAGACGTGTGCTCTTCCGATC*T	CGGTCC	GGACCG	GTCGGTAA	GGACCG-GTCGGTAA	13.0119	600872_R1.sort.flt.bam	Epi
600772	SOMM517	Black36_D05_i5F	AATGATACGGCGACCACCGAGATCTACACGCAACCATACACTCTTTCCCTACACGACGCTCTTCCGATC*T	GCAACCAT	Sacks_D05	CAAGCAGAAGACGGCATACGAGATCGTCTAGTGACTGGAGTTCAGACGTGTGCTCTTCCGATC*T	CGTCTA	TAGACG	ATGGTTGC	TAGACG-ATGGTTGC	16.559	600772_R1.sort.flt.bam	Epi
601712	SOMM517	Black44_D06_i5F	AATGATACGGCGACCACCGAGATCTACACACAACGTGACACTCTTTCCCTACACGACGCTCTTCCGATC*T	ACAACGTG	Sacks_D06	CAAGCAGAAGACGGCATACGAGATCGTGATGTGACTGGAGTTCAGACGTGTGCTCTTCCGATC*T	CGTGAT	ATCACG	CACGTTGT	ATCACG-CACGTTGT	14.2771	601712_R1.sort.flt.bam	Epi
601512	SOMM517	Black52_D07_i5F	AATGATACGGCGACCACCGAGATCTACACCCACTAAGACACTCTTTCCCTACACGACGCTCTTCCGATC*T	CCACTAAG	Sacks_D07	CAAGCAGAAGACGGCATACGAGATCTACAGGTGACTGGAGTTCAGACGTGTGCTCTTCCGATC*T	CTACAG	CTGTAG	CTTAGTGG	CTGTAG-CTTAGTGG	22.0516	601512_R1.sort.flt.bam	Epi
602772	SOMM517	Black60_D08_i5F	AATGATACGGCGACCACCGAGATCTACACTTAGGCGTACACTCTTTCCCTACACGACGCTCTTCCGATC*T	TTAGGCGT	Sacks_D08	CAAGCAGAAGACGGCATACGAGATCTCGCCGTGACTGGAGTTCAGACGTGTGCTCTTCCGATC*T	CTCGCC	GGCGAG	ACGCCTAA	GGCGAG-ACGCCTAA	15.256	602772_R1.sort.flt.bam	Epi
602182	SOMM517	Black84_D11_i5F	AATGATACGGCGACCACCGAGATCTACACGTGGTATGACACTCTTTCCCTACACGACGCTCTTCCGATC*T	GTGGTATG	Sacks_D11	CAAGCAGAAGACGGCATACGAGATCTTATGGTGACTGGAGTTCAGACGTGTGCTCTTCCGATC*T	CTTATG	CATAAG	CATACCAC	CATAAG-CATACCAC	1.03429	602182_R1.sort.flt.bam	Epi
602992	SOMM517	Black92_D12_i5F	AATGATACGGCGACCACCGAGATCTACACATGCGCTTACACTCTTTCCCTACACGACGCTCTTCCGATC*T	ATGCGCTT	Sacks_D12	CAAGCAGAAGACGGCATACGAGATCTTTGCGTGACTGGAGTTCAGACGTGTGCTCTTCCGATC*T	CTTTGC	GCAAAG	AAGCGCAT	GCAAAG-AAGCGCAT	14.757	602992_R1.sort.flt.bam	Epi
602771	SOMM517	Black05_E01_i5F	AATGATACGGCGACCACCGAGATCTACACAGGAACACACACTCTTTCCCTACACGACGCTCTTCCGATC*T	AGGAACAC	Sacks_E01	CAAGCAGAAGACGGCATACGAGATGAAATGGTGACTGGAGTTCAGACGTGTGCTCTTCCGATC*T	GAAATG	CATTTC	GTGTTCCT	CATTTC-GTGTTCCT	15.1366	602771_R1.sort.flt.bam	Epi
700232	SOMM517	Black13_E02_i5F	AATGATACGGCGACCACCGAGATCTACACTGGAAGCAACACTCTTTCCCTACACGACGCTCTTCCGATC*T	TGGAAGCA	Sacks_E02	CAAGCAGAAGACGGCATACGAGATGAACCAGTGACTGGAGTTCAGACGTGTGCTCTTCCGATC*T	GAACCA	TGGTTC	TGCTTCCA	TGGTTC-TGCTTCCA	20.1631	700232_R1.sort.flt.bam	Epi
700611	SOMM517	Black21_E03_i5F	AATGATACGGCGACCACCGAGATCTACACGTCGTTACACACTCTTTCCCTACACGACGCTCTTCCGATC*T	GTCGTTAC	Sacks_E03	CAAGCAGAAGACGGCATACGAGATGACGACGTGACTGGAGTTCAGACGTGTGCTCTTCCGATC*T	GACGAC	GTCGTC	GTAACGAC	GTCGTC-GTAACGAC	15.073	700611_R1.sort.flt.bam	Epi
701331	SOMM517	Black29_E04_i5F	AATGATACGGCGACCACCGAGATCTACACGAACCTTCACACTCTTTCCCTACACGACGCTCTTCCGATC*T	GAACCTTC	Sacks_E04	CAAGCAGAAGACGGCATACGAGATGACTCTGTGACTGGAGTTCAGACGTGTGCTCTTCCGATC*T	GACTCT	AGAGTC	GAAGGTTC	AGAGTC-GAAGGTTC	20.4443	701331_R1.sort.flt.bam	Epi
700902	SOMM517	Black37_E05_i5F	AATGATACGGCGACCACCGAGATCTACACTATGACCGACACTCTTTCCCTACACGACGCTCTTCCGATC*T	TATGACCG	Sacks_E05	CAAGCAGAAGACGGCATACGAGATGAGAGAGTGACTGGAGTTCAGACGTGTGCTCTTCCGATC*T	GAGAGA	TCTCTC	CGGTCATA	TCTCTC-CGGTCATA	13.3763	700902_R1.sort.flt.bam	Epi
700901	SOMM517	Black45_E06_i5F	AATGATACGGCGACCACCGAGATCTACACAACGCACAACACTCTTTCCCTACACGACGCTCTTCCGATC*T	AACGCACA	Sacks_E06	CAAGCAGAAGACGGCATACGAGATGATCGTGTGACTGGAGTTCAGACGTGTGCTCTTCCGATC*T	GATCGT	ACGATC	TGTGCGTT	ACGATC-TGTGCGTT	23.6696	700901_R1.sort.flt.bam	Epi
700711	SOMM517	Black53_E07_i5F	AATGATACGGCGACCACCGAGATCTACACTGTTCCGTACACTCTTTCCCTACACGACGCTCTTCCGATC*T	TGTTCCGT	Sacks_E07	CAAGCAGAAGACGGCATACGAGATGCAGATGTGACTGGAGTTCAGACGTGTGCTCTTCCGATC*T	GCAGAT	ATCTGC	ACGGAACA	ATCTGC-ACGGAACA	14.2219	700711_R1.sort.flt.bam	Epi
702312	SOMM517	Black61_E08_i5F	AATGATACGGCGACCACCGAGATCTACACACTCAACGACACTCTTTCCCTACACGACGCTCTTCCGATC*T	ACTCAACG	Sacks_E08	CAAGCAGAAGACGGCATACGAGATGCATGGGTGACTGGAGTTCAGACGTGTGCTCTTCCGATC*T	GCATGG	CCATGC	CGTTGAGT	CCATGC-CGTTGAGT	36.5565	702312_R1.sort.flt.bam	Epi
701591	SOMM517	Black85_E11_i5F	AATGATACGGCGACCACCGAGATCTACACTGACCGTTACACTCTTTCCCTACACGACGCTCTTCCGATC*T	TGACCGTT	Sacks_E11	CAAGCAGAAGACGGCATACGAGATGCGCTGGTGACTGGAGTTCAGACGTGTGCTCTTCCGATC*T	GCGCTG	CAGCGC	AACGGTCA	CAGCGC-AACGGTCA	16.2522	701591_R1.sort.flt.bam	Epi
701931	SOMM517	Black93_E12_i5F	AATGATACGGCGACCACCGAGATCTACACGCTAAGGAACACTCTTTCCCTACACGACGCTCTTCCGATC*T	GCTAAGGA	Sacks_E12	CAAGCAGAAGACGGCATACGAGATGCTCAAGTGACTGGAGTTCAGACGTGTGCTCTTCCGATC*T	GCTCAA	TTGAGC	TCCTTAGC	TTGAGC-TCCTTAGC	22.7741	701931_R1.sort.flt.bam	Epi
701781	SOMM517	Black06_F01_i5F	AATGATACGGCGACCACCGAGATCTACACACCGAATGACACTCTTTCCCTACACGACGCTCTTCCGATC*T	ACCGAATG	Sacks_F01	CAAGCAGAAGACGGCATACGAGATGGACTTGTGACTGGAGTTCAGACGTGTGCTCTTCCGATC*T	GGACTT	AAGTCC	CATTCGGT	AAGTCC-CATTCGGT	12.8542	701781_R1.sort.flt.bam	Epi
701932	SOMM517	Black14_F02_i5F	AATGATACGGCGACCACCGAGATCTACACACAGGCATACACTCTTTCCCTACACGACGCTCTTCCGATC*T	ACAGGCAT	Sacks_F02	CAAGCAGAAGACGGCATACGAGATGGCAAGGTGACTGGAGTTCAGACGTGTGCTCTTCCGATC*T	GGCAAG	CTTGCC	ATGCCTGT	CTTGCC-ATGCCTGT	18.6904	701932_R1.sort.flt.bam	Epi
701782	SOMM517	Black22_F03_i5F	AATGATACGGCGACCACCGAGATCTACACTAGCCATGACACTCTTTCCCTACACGACGCTCTTCCGATC*T	TAGCCATG	Sacks_F03	CAAGCAGAAGACGGCATACGAGATGGGCGCGTGACTGGAGTTCAGACGTGTGCTCTTCCGATC*T	GGGCGC	GCGCCC	CATGGCTA	GCGCCC-CATGGCTA	22.9307	701782_R1.sort.flt.bam	Epi
801461	SOMM517	Black30_F04_i5F	AATGATACGGCGACCACCGAGATCTACACACTTGGCTACACTCTTTCCCTACACGACGCTCTTCCGATC*T	ACTTGGCT	Sacks_F04	CAAGCAGAAGACGGCATACGAGATGGGGCGGTGACTGGAGTTCAGACGTGTGCTCTTCCGATC*T	GGGGCG	CGCCCC	AGCCAAGT	CGCCCC-AGCCAAGT	10.5192	801461_R1.sort.flt.bam	Epi
801462	SOMM517	Black38_F05_i5F	AATGATACGGCGACCACCGAGATCTACACATACTGGCACACTCTTTCCCTACACGACGCTCTTCCGATC*T	ATACTGGC	Sacks_F05	CAAGCAGAAGACGGCATACGAGATGGTACAGTGACTGGAGTTCAGACGTGTGCTCTTCCGATC*T	GGTACA	TGTACC	GCCAGTAT	TGTACC-GCCAGTAT	17.5652	801462_R1.sort.flt.bam	Epi
802341	SOMM517	Black46_F06_i5F	AATGATACGGCGACCACCGAGATCTACACCTGTATGCACACTCTTTCCCTACACGACGCTCTTCCGATC*T	CTGTATGC	Sacks_F06	CAAGCAGAAGACGGCATACGAGATGGTTTGGTGACTGGAGTTCAGACGTGTGCTCTTCCGATC*T	GGTTTG	CAAACC	GCATACAG	CAAACC-GCATACAG	16.981	802341_R1.sort.flt.bam	Epi
802251	SOMM517	Black54_F07_i5F	AATGATACGGCGACCACCGAGATCTACACTTGCAACGACACTCTTTCCCTACACGACGCTCTTCCGATC*T	TTGCAACG	Sacks_F07	CAAGCAGAAGACGGCATACGAGATGTAAGTGTGACTGGAGTTCAGACGTGTGCTCTTCCGATC*T	GTAAGT	ACTTAC	CGTTGCAA	ACTTAC-CGTTGCAA	16.7749	802251_R1.sort.flt.bam	Epi
801931	SOMM517	Black62_F08_i5F	AATGATACGGCGACCACCGAGATCTACACCGCCTTATACACTCTTTCCCTACACGACGCTCTTCCGATC*T	CGCCTTAT	Sacks_F08	CAAGCAGAAGACGGCATACGAGATGTATCCGTGACTGGAGTTCAGACGTGTGCTCTTCCGATC*T	GTATCC	GGATAC	ATAAGGCG	GGATAC-ATAAGGCG	22.9629	801931_R1.sort.flt.bam	Epi
802252	SOMM517	Black86_F11_i5F	AATGATACGGCGACCACCGAGATCTACACAACAGCGAACACTCTTTCCCTACACGACGCTCTTCCGATC*T	AACAGCGA	Sacks_F11	CAAGCAGAAGACGGCATACGAGATGTGTAAGTGACTGGAGTTCAGACGTGTGCTCTTCCGATC*T	GTGTAA	TTACAC	TCGCTGTT	TTACAC-TCGCTGTT	12.8454	802252_R1.sort.flt.bam	Epi
802601	SOMM517	Black94_F12_i5F	AATGATACGGCGACCACCGAGATCTACACATCGTGGTACACTCTTTCCCTACACGACGCTCTTCCGATC*T	ATCGTGGT	Sacks_F12	CAAGCAGAAGACGGCATACGAGATGTTGGAGTGACTGGAGTTCAGACGTGTGCTCTTCCGATC*T	GTTGGA	TCCAAC	ACCACGAT	TCCAAC-ACCACGAT	21.5431	802601_R1.sort.flt.bam	Epi
802602	SOMM517	Black07_G01_i5F	AATGATACGGCGACCACCGAGATCTACACCAATGCGAACACTCTTTCCCTACACGACGCTCTTCCGATC*T	CAATGCGA	Sacks_G01	CAAGCAGAAGACGGCATACGAGATTAAGCTGTGACTGGAGTTCAGACGTGTGCTCTTCCGATC*T	TAAGCT	AGCTTA	TCGCATTG	AGCTTA-TCGCATTG	26.6243	802602_R1.sort.flt.bam	Epi
900261	SOMM517	Black15_G02_i5F	AATGATACGGCGACCACCGAGATCTACACGATCAAGGACACTCTTTCCCTACACGACGCTCTTCCGATC*T	GATCAAGG	Sacks_G02	CAAGCAGAAGACGGCATACGAGATTAATTCGTGACTGGAGTTCAGACGTGTGCTCTTCCGATC*T	TAATTC	GAATTA	CCTTGATC	GAATTA-CCTTGATC	17.7217	900261_R1.sort.flt.bam	Epi
900841	SOMM517	Black23_G03_i5F	AATGATACGGCGACCACCGAGATCTACACTTGGACTGACACTCTTTCCCTACACGACGCTCTTCCGATC*T	TTGGACTG	Sacks_G03	CAAGCAGAAGACGGCATACGAGATTACACAGTGACTGGAGTTCAGACGTGTGCTCTTCCGATC*T	TACACA	TGTGTA	CAGTCCAA	TGTGTA-CAGTCCAA	32.4929	900841_R1.sort.flt.bam	Epi
901021	SOMM517	Black31_G04_i5F	AATGATACGGCGACCACCGAGATCTACACCGGATCAAACACTCTTTCCCTACACGACGCTCTTCCGATC*T	CGGATCAA	Sacks_G04	CAAGCAGAAGACGGCATACGAGATTACGGGGTGACTGGAGTTCAGACGTGTGCTCTTCCGATC*T	TACGGG	CCCGTA	TTGATCCG	CCCGTA-TTGATCCG	25.8566	901021_R1.sort.flt.bam	Epi
900842	SOMM517	Black39_G05_i5F	AATGATACGGCGACCACCGAGATCTACACCGGAGTATACACTCTTTCCCTACACGACGCTCTTCCGATC*T	CGGAGTAT	Sacks_G05	CAAGCAGAAGACGGCATACGAGATTAGTATGTGACTGGAGTTCAGACGTGTGCTCTTCCGATC*T	TAGTAT	ATACTA	ATACTCCG	ATACTA-ATACTCCG	12.2663	900842_R1.sort.flt.bam	Epi
900492	SOMM517	Black47_G06_i5F	AATGATACGGCGACCACCGAGATCTACACTCTAGGAGACACTCTTTCCCTACACGACGCTCTTCCGATC*T	TCTAGGAG	Sacks_G06	CAAGCAGAAGACGGCATACGAGATTATCACGTGACTGGAGTTCAGACGTGTGCTCTTCCGATC*T	TATCAC	GTGATA	CTCCTAGA	GTGATA-CTCCTAGA	17.0706	900492_R1.sort.flt.bam	Epi
900622	SOMM517	Black55_G07_i5F	AATGATACGGCGACCACCGAGATCTACACCATACGGAACACTCTTTCCCTACACGACGCTCTTCCGATC*T	CATACGGA	Sacks_G07	CAAGCAGAAGACGGCATACGAGATTCAAAGGTGACTGGAGTTCAGACGTGTGCTCTTCCGATC*T	TCAAAG	CTTTGA	TCCGTATG	CTTTGA-TCCGTATG	24.6367	900622_R1.sort.flt.bam	Epi
901171	SOMM517	Black63_G08_i5F	AATGATACGGCGACCACCGAGATCTACACGCATAGTCACACTCTTTCCCTACACGACGCTCTTCCGATC*T	GCATAGTC	Sacks_G08	CAAGCAGAAGACGGCATACGAGATTCCTGCGTGACTGGAGTTCAGACGTGTGCTCTTCCGATC*T	TCCTGC	GCAGGA	GACTATGC	GCAGGA-GACTATGC	29.9697	901171_R1.sort.flt.bam	Epi
901132	SOMM517	Black87_G11_i5F	AATGATACGGCGACCACCGAGATCTACACGAAGATCCACACTCTTTCCCTACACGACGCTCTTCCGATC*T	GAAGATCC	Sacks_G11	CAAGCAGAAGACGGCATACGAGATTCGGACGTGACTGGAGTTCAGACGTGTGCTCTTCCGATC*T	TCGGAC	GTCCGA	GGATCTTC	GTCCGA-GGATCTTC	15.1876	901132_R1.sort.flt.bam	Epi
901522	SOMM517	Black95_G12_i5F	AATGATACGGCGACCACCGAGATCTACACGAACGAAGACACTCTTTCCCTACACGACGCTCTTCCGATC*T	GAACGAAG	Sacks_G12	CAAGCAGAAGACGGCATACGAGATTCTCGGGTGACTGGAGTTCAGACGTGTGCTCTTCCGATC*T	TCTCGG	CCGAGA	CTTCGTTC	CCGAGA-CTTCGTTC	21.715	901522_R1.sort.flt.bam	Epi
901231	SOMM517	Black08_H01_i5F	AATGATACGGCGACCACCGAGATCTACACGTTATGGCACACTCTTTCCCTACACGACGCTCTTCCGATC*T	GTTATGGC	Sacks_H01	CAAGCAGAAGACGGCATACGAGATTCTTCTGTGACTGGAGTTCAGACGTGTGCTCTTCCGATC*T	TCTTCT	AGAAGA	GCCATAAC	AGAAGA-GCCATAAC	18.7038	901231_R1.sort.flt.bam	Epi
902671	SOMM517	Black16_H02_i5F	AATGATACGGCGACCACCGAGATCTACACCCTATACCACACTCTTTCCCTACACGACGCTCTTCCGATC*T	CCTATACC	Sacks_H02	CAAGCAGAAGACGGCATACGAGATTGAACCGTGACTGGAGTTCAGACGTGTGCTCTTCCGATC*T	TGAACC	GGTTCA	GGTATAGG	GGTTCA-GGTATAGG	15.0394	902671_R1.sort.flt.bam	Epi
901232	SOMM517	Black24_H03_i5F	AATGATACGGCGACCACCGAGATCTACACCAACGAGTACACTCTTTCCCTACACGACGCTCTTCCGATC*T	CAACGAGT	Sacks_H03	CAAGCAGAAGACGGCATACGAGATTGACAAGTGACTGGAGTTCAGACGTGTGCTCTTCCGATC*T	TGACAA	TTGTCA	ACTCGTTG	TTGTCA-ACTCGTTG	19.6043	901232_R1.sort.flt.bam	Epi
110381	SOMM517	Black32_H04_i5F	AATGATACGGCGACCACCGAGATCTACACGTCCTGTTACACTCTTTCCCTACACGACGCTCTTCCGATC*T	GTCCTGTT	Sacks_H04	CAAGCAGAAGACGGCATACGAGATTGCCCGGTGACTGGAGTTCAGACGTGTGCTCTTCCGATC*T	TGCCCG	CGGGCA	AACAGGAC	CGGGCA-AACAGGAC	21.2504	110381_R1.sort.flt.bam	Epi
110611	SOMM517	Black40_H05_i5F	AATGATACGGCGACCACCGAGATCTACACGTTGCTGTACACTCTTTCCCTACACGACGCTCTTCCGATC*T	GTTGCTGT	Sacks_H05	CAAGCAGAAGACGGCATACGAGATTGCTTAGTGACTGGAGTTCAGACGTGTGCTCTTCCGATC*T	TGCTTA	TAAGCA	ACAGCAAC	TAAGCA-ACAGCAAC	15.1718	110611_R1.sort.flt.bam	Epi
110382	SOMM517	Black48_H06_i5F	AATGATACGGCGACCACCGAGATCTACACGGCAAGTTACACTCTTTCCCTACACGACGCTCTTCCGATC*T	GGCAAGTT	Sacks_H06	CAAGCAGAAGACGGCATACGAGATTGGGGAGTGACTGGAGTTCAGACGTGTGCTCTTCCGATC*T	TGGGGA	TCCCCA	AACTTGCC	TCCCCA-AACTTGCC	11.9984	110382_R1.sort.flt.bam	Epi
110612	SOMM517	Black56_H07_i5F	AATGATACGGCGACCACCGAGATCTACACGGAGTCTTACACTCTTTCCCTACACGACGCTCTTCCGATC*T	GGAGTCTT	Sacks_H07	CAAGCAGAAGACGGCATACGAGATTTATGAGTGACTGGAGTTCAGACGTGTGCTCTTCCGATC*T	TTATGA	TCATAA	AAGACTCC	TCATAA-AAGACTCC	16.9442	110612_R1.sort.flt.bam	Epi
111391	SOMM517	Black64_H08_i5F	AATGATACGGCGACCACCGAGATCTACACGGCGAATAACACTCTTTCCCTACACGACGCTCTTCCGATC*T	GGCGAATA	Sacks_H08	CAAGCAGAAGACGGCATACGAGATTTCCGTGTGACTGGAGTTCAGACGTGTGCTCTTCCGATC*T	TTCCGT	ACGGAA	TATTCGCC	ACGGAA-TATTCGCC	17.9138	111391_R1.sort.flt.bam	Epi
120092	SOMM517	Black88_H11_i5F	AATGATACGGCGACCACCGAGATCTACACTCCTGGTAACACTCTTTCCCTACACGACGCTCTTCCGATC*T	TCCTGGTA	Sacks_H11	CAAGCAGAAGACGGCATACGAGATTTTAATGTGACTGGAGTTCAGACGTGTGCTCTTCCGATC*T	TTTAAT	ATTAAA	TACCAGGA	ATTAAA-TACCAGGA	19.9564	120092_R1.sort.flt.bam	Epi
121432	SOMM517	Black96_H12_i5F	AATGATACGGCGACCACCGAGATCTACACCTTCCTTCACACTCTTTCCCTACACGACGCTCTTCCGATC*T	CTTCCTTC	Sacks_H12	CAAGCAGAAGACGGCATACGAGATTTTGTCGTGACTGGAGTTCAGACGTGTGCTCTTCCGATC*T	TTTGTC	GACAAA	GAAGGAAG	GACAAA-GAAGGAAG	27.1135	121432_R1.sort.flt.bam	Epi
